Timestamp,Action,Price,Confidence,RSI
11:32:16,START,95000.00,0.00%,50.00
11:37:31,BUY,95238.79,69.80%,38.50
16:18:54,BUY,95118.99,77.49%,32.09
16:18:54,PULSE,95118.99,77.49%,32.09
16:18:59,PULSE,95089.58,84.93%,25.89
16:19:04,PULSE,95089.58,84.93%,25.89
16:19:09,PULSE,95089.58,84.93%,25.89
16:19:14,PULSE,95089.58,84.93%,25.89
16:19:19,PULSE,95089.58,84.93%,25.89
16:19:25,PULSE,95089.58,84.93%,25.89
16:19:30,PULSE,95089.58,84.93%,25.89
16:19:35,PULSE,95089.58,84.93%,25.89
16:19:40,PULSE,95089.58,84.93%,25.89
16:19:45,PULSE,95089.58,84.93%,25.89
16:19:50,PULSE,95083.02,86.31%,24.74
16:19:55,PULSE,95083.02,86.31%,24.74
16:20:00,PULSE,95083.02,86.31%,24.74
16:20:05,PULSE,95083.02,86.31%,24.74
16:20:11,PULSE,95083.02,86.31%,24.74
16:20:16,PULSE,95083.02,86.31%,24.74
16:20:21,PULSE,95083.02,86.31%,24.74
16:20:26,PULSE,95083.02,86.31%,24.74
16:20:31,PULSE,95083.02,86.31%,24.74
16:20:36,PULSE,95083.02,86.31%,24.74
16:20:41,PULSE,95083.02,86.31%,24.74
16:20:46,PULSE,95083.02,86.31%,24.74
16:20:52,PULSE,95083.02,86.31%,24.74
16:20:57,PULSE,95083.02,86.31%,24.74
16:21:02,PULSE,95083.02,86.31%,24.74
16:21:07,PULSE,95083.02,86.31%,24.74
16:21:12,PULSE,95083.02,86.31%,24.74
16:21:17,PULSE,95083.02,86.31%,24.74
16:21:22,PULSE,95083.02,86.31%,24.74
16:21:27,PULSE,95083.02,86.31%,24.74
16:21:32,PULSE,95083.02,86.31%,24.74
16:21:37,PULSE,95083.02,86.31%,24.74
16:21:42,PULSE,95083.02,86.31%,24.74
16:21:48,PULSE,95083.02,86.31%,24.74
16:21:53,PULSE,95080.93,86.75%,24.37
16:21:58,PULSE,95080.93,86.75%,24.37
16:22:03,PULSE,95080.93,86.75%,24.37
16:22:08,PULSE,95080.93,86.75%,24.37
16:22:13,PULSE,95080.93,86.75%,24.37
16:22:19,PULSE,95080.93,86.75%,24.37
16:22:24,PULSE,95080.93,86.75%,24.37
16:22:29,PULSE,95080.93,86.75%,24.37
16:22:34,PULSE,95080.93,86.75%,24.37
16:22:39,PULSE,95080.93,86.75%,24.37
16:22:44,PULSE,95080.93,86.75%,24.37
16:22:49,PULSE,95080.93,86.75%,24.37
16:22:54,PULSE,95081.45,86.39%,24.68
16:22:59,PULSE,95081.45,86.39%,24.68
16:23:04,PULSE,95081.45,86.39%,24.68
16:23:09,PULSE,95081.45,86.39%,24.68
16:23:14,PULSE,95081.45,86.39%,24.68
16:23:20,PULSE,95081.45,86.39%,24.68
16:23:25,PULSE,95081.45,86.39%,24.68
16:23:30,PULSE,95081.45,86.39%,24.68
16:23:35,PULSE,95081.45,86.39%,24.68
16:23:40,PULSE,95081.45,86.39%,24.68
16:23:45,PULSE,95081.45,86.39%,24.68
16:23:52,PULSE,95080.74,86.56%,24.53
16:23:57,PULSE,95080.74,86.56%,24.53
16:24:02,PULSE,95080.74,86.56%,24.53
16:24:07,PULSE,95080.74,86.56%,24.53
16:24:12,PULSE,95080.74,86.56%,24.53
16:24:17,PULSE,95080.74,86.56%,24.53
16:24:22,PULSE,95080.74,86.56%,24.53
16:24:27,PULSE,95080.74,86.56%,24.53
16:24:32,PULSE,95080.74,86.56%,24.53
16:24:37,PULSE,95080.74,86.56%,24.53
16:24:43,PULSE,95080.74,86.56%,24.53
16:24:48,PULSE,95080.74,86.56%,24.53
16:24:53,PULSE,95080.74,86.56%,24.53
16:24:58,PULSE,95080.70,86.57%,24.52
16:25:03,PULSE,95080.70,86.57%,24.52
16:25:08,PULSE,95080.70,86.57%,24.52
16:25:13,PULSE,95080.70,86.57%,24.52
16:25:18,PULSE,95080.70,86.57%,24.52
16:25:23,PULSE,95080.70,86.57%,24.52
16:25:32,PULSE,95080.70,86.57%,24.52
16:25:37,PULSE,95080.70,86.57%,24.52
16:25:42,PULSE,95080.70,86.57%,24.52
16:26:37,BUY,95078.38,87.21%,23.99
16:26:37,PULSE,95078.38,87.21%,23.99
16:26:42,PULSE,95078.38,87.21%,23.99
16:26:47,PULSE,95078.38,87.21%,23.99
16:26:52,PULSE,95078.38,87.21%,23.99
16:26:58,PULSE,95069.66,89.53%,22.06
16:27:03,PULSE,95069.66,89.53%,22.06
16:27:08,PULSE,95069.66,89.53%,22.06
16:27:13,PULSE,95069.66,89.53%,22.06
16:27:18,PULSE,95069.66,89.53%,22.06
16:27:23,PULSE,95069.66,89.53%,22.06
16:27:28,PULSE,95069.66,89.53%,22.06
16:27:33,PULSE,95069.66,89.53%,22.06
16:27:39,PULSE,95069.66,89.53%,22.06
16:27:44,PULSE,95069.66,89.53%,22.06
16:27:49,PULSE,95069.66,89.53%,22.06
16:27:55,PULSE,95064.84,90.74%,21.05
16:28:00,PULSE,95064.84,90.74%,21.05
16:28:05,PULSE,95064.84,90.74%,21.05
16:28:10,PULSE,95064.84,90.74%,21.05
16:28:15,PULSE,95064.84,90.74%,21.05
16:28:20,PULSE,95064.84,90.74%,21.05
16:28:25,PULSE,95064.84,90.74%,21.05
16:28:30,PULSE,95064.84,90.74%,21.05
16:28:35,PULSE,95064.84,90.74%,21.05
16:28:40,PULSE,95064.84,90.74%,21.05
16:28:45,PULSE,95064.84,90.74%,21.05
16:28:51,PULSE,95064.84,90.74%,21.05
16:28:56,PULSE,95076.13,80.93%,29.22
16:29:01,PULSE,95076.13,80.93%,29.22
16:29:06,PULSE,95076.13,80.93%,29.22
16:29:11,PULSE,95076.13,80.93%,29.22
16:29:16,PULSE,95076.13,80.93%,29.22
16:29:21,PULSE,95076.13,80.93%,29.22
16:29:26,PULSE,95076.13,80.93%,29.22
16:29:31,PULSE,95076.13,80.93%,29.22
16:29:36,PULSE,95076.13,80.93%,29.22
16:29:41,PULSE,95076.13,80.93%,29.22
16:29:46,PULSE,95076.13,80.93%,29.22
16:29:52,PULSE,95076.13,80.93%,29.22
16:29:57,PULSE,95076.13,80.93%,29.22
16:30:02,PULSE,95076.13,80.93%,29.22
16:30:07,PULSE,95076.13,80.93%,29.22
16:30:12,PULSE,95076.13,80.93%,29.22
16:30:17,PULSE,95076.13,80.93%,29.22
16:30:22,PULSE,95076.13,80.93%,29.22
16:30:27,PULSE,95076.13,80.93%,29.22
16:30:32,PULSE,95076.13,80.93%,29.22
16:30:37,PULSE,95076.13,80.93%,29.22
16:30:43,PULSE,95076.13,80.93%,29.22
16:30:48,PULSE,95076.13,80.93%,29.22
16:30:53,PULSE,95076.13,80.93%,29.22
16:30:58,PULSE,95076.17,80.90%,29.25
16:31:03,PULSE,95076.17,80.90%,29.25
16:31:08,PULSE,95076.17,80.90%,29.25
16:31:13,PULSE,95076.17,80.90%,29.25
16:31:18,PULSE,95076.17,80.90%,29.25
16:31:23,PULSE,95076.17,80.90%,29.25
16:31:28,PULSE,95076.17,80.90%,29.25
16:31:34,PULSE,95076.17,80.90%,29.25
16:31:39,PULSE,95076.17,80.90%,29.25
16:31:44,PULSE,95076.17,80.90%,29.25
16:31:49,PULSE,95077.95,79.33%,30.56
16:32:56,PULSE,95077.95,79.33%,30.56
16:33:01,PULSE,95077.95,79.33%,30.56
16:33:06,PULSE,95077.95,79.33%,30.56
16:33:11,PULSE,95077.95,79.33%,30.56
16:33:17,PULSE,95077.95,79.33%,30.56
16:33:22,PULSE,95077.95,79.33%,30.56
16:33:27,PULSE,95077.95,79.33%,30.56
16:33:32,PULSE,95077.95,79.33%,30.56
16:33:37,PULSE,95077.95,79.33%,30.56
16:33:42,PULSE,95077.95,79.33%,30.56
16:33:47,PULSE,95077.95,79.33%,30.56
16:33:52,PULSE,95077.95,79.33%,30.56
16:33:57,PULSE,95077.95,79.33%,30.56
16:34:02,PULSE,95066.11,83.63%,26.97
16:34:08,PULSE,95066.11,83.63%,26.97
16:34:13,PULSE,95066.11,83.63%,26.97
16:34:18,PULSE,95066.11,83.63%,26.97
16:34:23,PULSE,95066.11,83.63%,26.97
16:34:28,PULSE,95066.11,83.63%,26.97
16:34:33,PULSE,95066.11,83.63%,26.97
16:34:38,PULSE,95066.11,83.63%,26.97
16:34:43,PULSE,95066.11,83.63%,26.97
16:34:48,PULSE,95061.60,85.12%,25.73
16:34:54,PULSE,95061.60,85.12%,25.73
16:34:59,PULSE,95061.60,85.12%,25.73
16:35:04,PULSE,95061.60,85.12%,25.73
16:35:09,PULSE,95061.60,85.12%,25.73
16:35:14,PULSE,95061.60,85.12%,25.73
16:35:19,PULSE,95061.60,85.12%,25.73
16:35:24,PULSE,95061.60,85.12%,25.73
16:35:30,PULSE,95061.60,85.12%,25.73
16:35:35,PULSE,95061.60,85.12%,25.73
16:35:40,PULSE,95061.60,85.12%,25.73
16:35:45,PULSE,95061.60,85.12%,25.73
16:35:50,PULSE,95061.60,85.12%,25.73
16:35:55,PULSE,95054.33,87.40%,23.83
16:36:00,PULSE,95054.33,87.40%,23.83
16:36:05,PULSE,95054.33,87.40%,23.83
16:36:10,PULSE,95054.33,87.40%,23.83
16:36:15,PULSE,95054.33,87.40%,23.83
16:36:21,PULSE,95054.33,87.40%,23.83
16:36:26,PULSE,95054.33,87.40%,23.83
16:36:31,PULSE,95054.33,87.40%,23.83
16:36:36,PULSE,95054.33,87.40%,23.83
16:36:41,PULSE,95054.33,87.40%,23.83
16:36:46,PULSE,95054.33,87.40%,23.83
16:36:51,PULSE,95054.33,87.40%,23.83
16:36:56,PULSE,95054.33,87.40%,23.83
16:37:01,PULSE,95042.03,90.80%,21.00
16:37:06,PULSE,95042.03,90.80%,21.00
16:37:12,PULSE,95042.03,90.80%,21.00
16:37:17,PULSE,95042.03,90.80%,21.00
16:37:22,PULSE,95042.03,90.80%,21.00
16:37:27,PULSE,95042.03,90.80%,21.00
16:37:32,PULSE,95042.03,90.80%,21.00
16:37:37,PULSE,95042.03,90.80%,21.00
16:37:43,PULSE,95042.03,90.80%,21.00
16:37:48,PULSE,95042.03,90.80%,21.00
16:37:53,PULSE,95042.03,90.80%,21.00
16:37:58,PULSE,95071.81,68.39%,39.67
16:38:03,PULSE,95071.81,68.39%,39.67
16:38:08,PULSE,95071.81,68.39%,39.67
16:38:13,PULSE,95071.81,68.39%,39.67
16:38:18,PULSE,95071.81,68.39%,39.67
16:38:24,PULSE,95071.81,68.39%,39.67
16:38:29,PULSE,95071.81,68.39%,39.67
16:38:34,PULSE,95071.81,68.39%,39.67
16:38:39,PULSE,95071.81,68.39%,39.67
16:38:44,PULSE,95071.81,68.39%,39.67
16:38:49,PULSE,95071.81,68.39%,39.67
16:38:55,PULSE,95071.81,68.39%,39.67
16:39:00,PULSE,95071.81,68.39%,39.67
16:39:05,PULSE,95071.81,68.39%,39.67
16:39:10,PULSE,95071.81,68.39%,39.67
16:39:15,PULSE,95071.81,68.39%,39.67
16:39:20,PULSE,95071.81,68.39%,39.67
16:39:25,PULSE,95071.81,68.39%,39.67
16:39:30,PULSE,95071.81,68.39%,39.67
16:39:35,PULSE,95071.81,68.39%,39.67
16:39:40,PULSE,95071.81,68.39%,39.67
16:39:46,PULSE,95071.81,68.39%,39.67
16:40:41,BUY,95069.17,69.44%,38.80
16:40:41,PULSE,95069.17,69.44%,38.80
16:40:46,PULSE,95069.17,69.44%,38.80
16:40:51,PULSE,95069.17,69.44%,38.80
16:40:56,PULSE,95069.17,69.44%,38.80
16:41:01,PULSE,95069.17,69.44%,38.80
16:41:06,PULSE,95069.17,69.44%,38.80
16:41:11,PULSE,95069.17,69.44%,38.80
16:41:16,PULSE,95069.17,69.44%,38.80
16:41:21,PULSE,95069.17,69.44%,38.80
16:41:26,PULSE,95069.17,69.44%,38.80
16:41:32,PULSE,95069.17,69.44%,38.80
16:41:37,PULSE,95069.17,69.44%,38.80
16:41:42,PULSE,95069.17,69.44%,38.80
16:41:47,PULSE,95069.17,69.44%,38.80
16:41:52,PULSE,95040.87,78.90%,30.92
16:41:57,PULSE,95040.87,78.90%,30.92
16:42:02,PULSE,95040.87,78.90%,30.92
16:42:07,PULSE,95040.87,78.90%,30.92
16:42:12,PULSE,95040.87,78.90%,30.92
16:42:17,PULSE,95040.87,78.90%,30.92
16:42:22,PULSE,95040.87,78.90%,30.92
16:42:27,PULSE,95040.87,78.90%,30.92
16:42:33,PULSE,95040.87,78.90%,30.92
16:42:38,PULSE,95040.87,78.90%,30.92
16:42:43,PULSE,95040.87,78.90%,30.92
16:42:48,PULSE,95040.87,78.90%,30.92
16:42:53,PULSE,95040.87,78.90%,30.92
16:42:58,PULSE,95029.23,81.96%,28.37
16:43:03,PULSE,95029.23,81.96%,28.37
16:43:08,PULSE,95029.23,81.96%,28.37
16:43:13,PULSE,95029.23,81.96%,28.37
16:43:18,PULSE,95029.23,81.96%,28.37
16:43:23,PULSE,95029.23,81.96%,28.37
16:43:29,PULSE,95029.23,81.96%,28.37
16:43:34,PULSE,95029.23,81.96%,28.37
16:43:39,PULSE,95029.23,81.96%,28.37
16:43:44,PULSE,95029.23,81.96%,28.37
16:43:49,PULSE,95029.23,81.96%,28.37
16:43:54,PULSE,95029.23,81.96%,28.37
16:43:59,PULSE,95029.23,81.96%,28.37
16:44:04,PULSE,95029.23,81.96%,28.37
16:44:09,PULSE,95029.23,81.96%,28.37
16:44:14,PULSE,95029.23,81.96%,28.37
16:44:19,PULSE,95029.23,81.96%,28.37
16:44:25,PULSE,95029.23,81.96%,28.37
16:44:30,PULSE,95029.23,81.96%,28.37
16:44:35,PULSE,95029.23,81.96%,28.37
16:44:40,PULSE,95029.23,81.96%,28.37
16:44:45,PULSE,95029.23,81.96%,28.37
16:44:50,PULSE,95062.81,64.42%,42.98
16:44:55,PULSE,95062.81,64.42%,42.98
16:45:00,PULSE,95062.81,64.42%,42.98
16:45:05,PULSE,95062.81,64.42%,42.98
16:45:10,PULSE,95062.81,64.42%,42.98
16:45:15,PULSE,95062.81,64.42%,42.98
16:45:21,PULSE,95062.81,64.42%,42.98
16:45:26,PULSE,95062.81,64.42%,42.98
16:45:31,PULSE,95062.81,64.42%,42.98
16:45:36,PULSE,95062.81,64.42%,42.98
16:45:41,PULSE,95062.81,64.42%,42.98
16:45:46,PULSE,95062.81,64.42%,42.98
16:45:51,PULSE,95062.81,64.42%,42.98
16:45:56,PULSE,95064.36,63.73%,43.56
16:46:01,PULSE,95064.36,63.73%,43.56
16:46:07,PULSE,95064.36,63.73%,43.56
16:46:12,PULSE,95064.36,63.73%,43.56
16:46:17,PULSE,95064.36,63.73%,43.56
16:46:22,PULSE,95064.36,63.73%,43.56
16:46:27,PULSE,95064.36,63.73%,43.56
16:46:32,PULSE,95064.36,63.73%,43.56
16:46:37,PULSE,95064.36,63.73%,43.56
16:46:42,PULSE,95064.36,63.73%,43.56
16:46:47,PULSE,95064.36,63.73%,43.56
16:46:53,PULSE,95064.36,63.73%,43.56
16:46:58,PULSE,95064.36,63.73%,43.56
16:47:03,PULSE,95064.36,63.73%,43.56
16:47:08,PULSE,95065.80,63.06%,44.12
16:47:13,PULSE,95065.80,63.06%,44.12
16:47:18,PULSE,95065.80,63.06%,44.12
16:47:23,PULSE,95065.80,63.06%,44.12
16:47:28,PULSE,95065.80,63.06%,44.12
16:47:33,PULSE,95065.80,63.06%,44.12
16:47:38,PULSE,95065.80,63.06%,44.12
16:47:44,PULSE,95065.80,63.06%,44.12
16:47:49,PULSE,95065.80,63.06%,44.12
16:47:54,PULSE,95065.80,63.06%,44.12
16:47:59,PULSE,95067.39,62.28%,44.77
16:48:04,PULSE,95067.39,62.28%,44.77
16:48:09,PULSE,95067.39,62.28%,44.77
16:48:14,PULSE,95067.39,62.28%,44.77
16:48:19,PULSE,95067.39,62.28%,44.77
16:48:25,PULSE,95067.39,62.28%,44.77
16:48:30,PULSE,95067.39,62.28%,44.77
16:48:35,PULSE,95067.39,62.28%,44.77
16:48:40,PULSE,95067.39,62.28%,44.77
16:48:45,PULSE,95067.39,62.28%,44.77
16:48:50,PULSE,95067.39,62.28%,44.77
16:48:55,PULSE,95067.39,62.28%,44.77
16:49:00,PULSE,95095.64,50.16%,54.86
16:49:05,PULSE,95095.64,50.16%,54.86
16:49:11,PULSE,95095.64,50.16%,54.86
16:49:16,PULSE,95095.64,50.16%,54.86
16:49:21,PULSE,95095.64,50.16%,54.86
16:49:26,PULSE,95095.64,50.16%,54.86
16:49:31,PULSE,95095.64,50.16%,54.86
16:49:36,PULSE,95095.64,50.16%,54.86
16:49:41,PULSE,95095.64,50.16%,54.86
16:49:46,PULSE,95095.64,50.16%,54.86
16:49:52,PULSE,95095.64,50.16%,54.86
16:49:57,PULSE,95095.91,50.06%,54.95
16:50:02,PULSE,95095.91,50.06%,54.95
16:50:07,PULSE,95095.91,50.06%,54.95
16:50:12,PULSE,95095.91,50.06%,54.95
16:50:17,PULSE,95095.91,50.06%,54.95
16:50:22,PULSE,95095.91,50.06%,54.95
16:50:27,PULSE,95095.91,50.06%,54.95
16:50:32,PULSE,95095.91,50.06%,54.95
16:50:38,PULSE,95095.91,50.06%,54.95
16:50:43,PULSE,95095.91,50.06%,54.95
16:50:48,PULSE,95095.91,50.06%,54.95
16:50:53,PULSE,95095.91,50.06%,54.95
16:50:58,PULSE,95104.31,50.00%,57.62
16:51:04,PULSE,95104.31,50.00%,57.62
16:51:09,PULSE,95104.31,50.00%,57.62
16:51:14,PULSE,95104.31,50.00%,57.62
16:51:19,PULSE,95104.31,50.00%,57.62
16:51:24,PULSE,95104.31,50.00%,57.62
16:51:30,PULSE,95104.31,50.00%,57.62
16:51:35,PULSE,95104.31,50.00%,57.62
16:51:40,PULSE,95104.31,50.00%,57.62
16:51:45,PULSE,95104.31,50.00%,57.62
16:51:50,PULSE,95104.31,50.00%,57.62
16:51:55,PULSE,95104.31,50.00%,57.62
16:52:00,PULSE,95104.31,50.00%,57.62
16:52:05,PULSE,95104.31,50.00%,57.62
16:52:11,PULSE,95104.31,50.00%,57.62
16:52:16,PULSE,95104.31,50.00%,57.62
16:52:21,PULSE,95104.31,50.00%,57.62
16:52:26,PULSE,95104.31,50.00%,57.62
16:52:31,PULSE,95104.31,50.00%,57.62
16:52:36,PULSE,95104.31,50.00%,57.62
16:52:41,PULSE,95104.31,50.00%,57.62
16:52:46,PULSE,95104.31,50.00%,57.62
16:52:51,PULSE,95104.31,50.00%,57.62
16:52:57,PULSE,95104.31,50.00%,57.62
16:53:02,PULSE,95110.77,50.00%,59.59
16:53:21,PULSE,95110.77,50.00%,59.59
16:53:26,PULSE,95110.77,50.00%,59.59
16:53:31,PULSE,95110.77,50.00%,59.59
16:53:36,PULSE,95110.77,50.00%,59.59
16:53:41,PULSE,95110.77,50.00%,59.59
16:53:46,PULSE,95110.77,50.00%,59.59
16:53:52,PULSE,95119.79,50.00%,62.25
16:53:57,PULSE,95119.79,50.00%,62.25
16:54:02,PULSE,95119.79,50.00%,62.25
16:54:07,PULSE,95119.79,50.00%,62.25
16:54:12,PULSE,95119.79,50.00%,62.25
16:54:17,PULSE,95119.79,50.00%,62.25
16:54:22,PULSE,95119.79,50.00%,62.25
16:54:27,PULSE,95119.79,50.00%,62.25
16:54:32,PULSE,95119.79,50.00%,62.25
16:54:37,PULSE,95119.79,50.00%,62.25
16:54:43,PULSE,95119.79,50.00%,62.25
16:54:48,PULSE,95119.79,50.00%,62.25
16:54:53,PULSE,95121.45,50.00%,62.73
16:54:58,PULSE,95121.45,50.00%,62.73
16:55:03,PULSE,95121.45,50.00%,62.73
16:55:08,PULSE,95121.45,50.00%,62.73
16:55:13,PULSE,95121.45,50.00%,62.73
16:55:18,PULSE,95121.45,50.00%,62.73
16:55:23,PULSE,95121.45,50.00%,62.73
16:55:29,PULSE,95121.45,50.00%,62.73
16:55:34,PULSE,95121.45,50.00%,62.73
16:55:39,PULSE,95121.45,50.00%,62.73
16:55:44,PULSE,95121.45,50.00%,62.73
16:55:49,PULSE,95121.45,50.00%,62.73
16:55:54,PULSE,95132.38,50.00%,65.84
16:55:59,PULSE,95132.38,50.00%,65.84
16:56:04,PULSE,95132.38,50.00%,65.84
16:56:09,PULSE,95132.38,50.00%,65.84
16:56:15,PULSE,95132.38,50.00%,65.84
16:56:20,PULSE,95132.38,50.00%,65.84
16:56:25,PULSE,95132.38,50.00%,65.84
16:56:30,PULSE,95132.38,50.00%,65.84
16:56:35,PULSE,95132.38,50.00%,65.84
16:56:40,PULSE,95132.38,50.00%,65.84
16:56:45,PULSE,95132.38,50.00%,65.84
16:56:51,PULSE,95132.38,50.00%,65.84
16:56:56,PULSE,95132.38,50.00%,65.84
16:57:01,PULSE,95132.38,50.00%,65.84
16:57:06,PULSE,95173.91,50.00%,74.54
16:57:11,PULSE,95173.91,50.00%,74.54
16:57:16,PULSE,95173.91,50.00%,74.54
16:57:21,PULSE,95173.91,50.00%,74.54
16:57:26,PULSE,95173.91,50.00%,74.54
16:57:31,PULSE,95173.91,50.00%,74.54
16:57:36,PULSE,95173.91,50.00%,74.54
16:57:41,PULSE,95173.91,50.00%,74.54
16:57:47,PULSE,95173.91,50.00%,74.54
16:57:52,PULSE,95173.91,50.00%,74.54
16:57:57,PULSE,95173.91,50.00%,74.54
16:58:02,PULSE,95186.01,50.00%,76.42
16:58:07,PULSE,95186.01,50.00%,76.42
16:58:12,PULSE,95186.01,50.00%,76.42
16:58:17,PULSE,95186.01,50.00%,76.42
16:58:22,PULSE,95186.01,50.00%,76.42
16:58:27,PULSE,95186.01,50.00%,76.42
16:58:32,PULSE,95186.01,50.00%,76.42
16:58:38,PULSE,95186.01,50.00%,76.42
16:58:43,PULSE,95186.01,50.00%,76.42
16:58:48,PULSE,95186.01,50.00%,76.42
16:58:53,PULSE,95186.01,50.00%,76.42
16:58:58,PULSE,95167.57,50.00%,68.15
16:59:03,PULSE,95167.57,50.00%,68.15
16:59:08,PULSE,95167.57,50.00%,68.15
16:59:13,PULSE,95167.57,50.00%,68.15
16:59:18,PULSE,95167.57,50.00%,68.15
16:59:24,PULSE,95167.57,50.00%,68.15
16:59:29,PULSE,95167.57,50.00%,68.15
16:59:34,PULSE,95167.57,50.00%,68.15
16:59:39,PULSE,95167.57,50.00%,68.15
16:59:44,PULSE,95167.57,50.00%,68.15
16:59:49,PULSE,95180.60,50.00%,70.57
16:59:54,PULSE,95180.60,50.00%,70.57
16:59:59,PULSE,95180.60,50.00%,70.57
17:00:04,PULSE,95180.60,50.00%,70.57
17:00:10,PULSE,95180.60,50.00%,70.57
17:00:15,PULSE,95180.60,50.00%,70.57
17:00:20,PULSE,95180.60,50.00%,70.57
17:00:25,PULSE,95180.60,50.00%,70.57
17:00:30,PULSE,95180.60,50.00%,70.57
17:00:35,PULSE,95180.60,50.00%,70.57
17:00:40,PULSE,95180.60,50.00%,70.57
17:00:45,PULSE,95180.60,50.00%,70.57
17:00:50,PULSE,95180.60,50.00%,70.57
17:00:55,PULSE,95180.60,50.00%,70.57
17:01:01,PULSE,95187.30,50.00%,71.77
17:01:06,PULSE,95187.30,50.00%,71.77
17:01:11,PULSE,95187.30,50.00%,71.77
17:01:16,PULSE,95187.30,50.00%,71.77
17:01:21,PULSE,95187.30,50.00%,71.77
17:01:26,PULSE,95187.30,50.00%,71.77
17:01:31,PULSE,95187.30,50.00%,71.77
17:01:36,PULSE,95187.30,50.00%,71.77
17:01:42,PULSE,95187.30,50.00%,71.77
17:01:47,PULSE,95187.30,50.00%,71.77
17:01:52,PULSE,95200.95,50.00%,74.07
17:01:57,PULSE,95200.95,50.00%,74.07
17:02:02,PULSE,95200.95,50.00%,74.07
17:02:07,PULSE,95200.95,50.00%,74.07
17:02:12,PULSE,95200.95,50.00%,74.07
17:02:17,PULSE,95200.95,50.00%,74.07
17:02:22,PULSE,95200.95,50.00%,74.07
17:02:28,PULSE,95200.95,50.00%,74.07
17:02:33,PULSE,95200.95,50.00%,74.07
17:02:38,PULSE,95200.95,50.00%,74.07
17:02:43,PULSE,95200.95,50.00%,74.07
17:02:48,PULSE,95200.95,50.00%,74.07
17:02:53,PULSE,95200.95,50.00%,74.07
17:02:58,PULSE,95237.42,50.00%,78.99
17:03:03,PULSE,95237.42,50.00%,78.99
17:03:09,PULSE,95237.42,50.00%,78.99
17:03:14,PULSE,95237.42,50.00%,78.99
17:03:19,PULSE,95237.42,50.00%,78.99
17:03:24,PULSE,95237.42,50.00%,78.99
17:03:29,PULSE,95237.42,50.00%,78.99
17:03:34,PULSE,95237.42,50.00%,78.99
17:03:40,PULSE,95237.42,50.00%,78.99
17:03:45,PULSE,95237.42,50.00%,78.99
17:03:50,PULSE,95231.45,50.00%,76.43
17:03:55,PULSE,95231.45,50.00%,76.43
17:04:00,PULSE,95231.45,50.00%,76.43
17:04:05,PULSE,95231.45,50.00%,76.43
17:04:10,PULSE,95231.45,50.00%,76.43
17:04:15,PULSE,95231.45,50.00%,76.43
17:04:21,PULSE,95231.45,50.00%,76.43
17:04:26,PULSE,95231.45,50.00%,76.43
17:04:31,PULSE,95231.45,50.00%,76.43
17:04:36,PULSE,95231.45,50.00%,76.43
17:04:41,PULSE,95231.45,50.00%,76.43
17:04:46,PULSE,95231.45,50.00%,76.43
17:04:51,PULSE,95226.41,50.00%,74.24
17:04:56,PULSE,95226.41,50.00%,74.24
17:05:01,PULSE,95226.41,50.00%,74.24
17:05:07,PULSE,95226.41,50.00%,74.24
17:05:12,PULSE,95226.41,50.00%,74.24
17:05:17,PULSE,95226.41,50.00%,74.24
17:05:23,PULSE,95226.41,50.00%,74.24
17:05:28,PULSE,95226.41,50.00%,74.24
17:05:33,PULSE,95226.41,50.00%,74.24
17:05:38,PULSE,95226.41,50.00%,74.24
17:05:43,PULSE,95226.41,50.00%,74.24
17:05:48,PULSE,95226.41,50.00%,74.24
17:05:54,PULSE,95223.41,50.00%,72.91
17:05:59,PULSE,95223.41,50.00%,72.91
17:06:04,PULSE,95223.41,50.00%,72.91
17:06:09,PULSE,95223.41,50.00%,72.91
17:06:14,PULSE,95223.41,50.00%,72.91
17:06:19,PULSE,95223.41,50.00%,72.91
17:06:24,PULSE,95223.41,50.00%,72.91
17:06:36,PULSE,95223.41,50.00%,72.91
17:06:41,PULSE,95223.41,50.00%,72.91
17:06:47,PULSE,95223.41,50.00%,72.91
17:06:52,PULSE,95223.41,50.00%,72.91
17:06:57,PULSE,95244.55,50.00%,76.16
17:07:02,PULSE,95244.55,50.00%,76.16
17:07:07,PULSE,95244.55,50.00%,76.16
17:07:12,PULSE,95244.55,50.00%,76.16
17:07:17,PULSE,95244.55,50.00%,76.16
17:07:22,PULSE,95244.55,50.00%,76.16
17:07:27,PULSE,95244.55,50.00%,76.16
17:07:33,PULSE,95244.55,50.00%,76.16
17:07:38,PULSE,95244.55,50.00%,76.16
17:07:43,PULSE,95244.55,50.00%,76.16
17:07:48,PULSE,95244.55,50.00%,76.16
17:07:53,PULSE,95244.55,50.00%,76.16
17:07:58,PULSE,95246.22,50.00%,76.41
17:08:04,PULSE,95246.22,50.00%,76.41
17:08:09,PULSE,95246.22,50.00%,76.41
17:08:14,PULSE,95246.22,50.00%,76.41
17:08:19,PULSE,95246.22,50.00%,76.41
17:08:31,PULSE,95246.22,50.00%,76.41
17:08:36,PULSE,95246.22,50.00%,76.41
17:08:41,PULSE,95246.22,50.00%,76.41
17:08:47,PULSE,95246.22,50.00%,76.41
17:08:52,PULSE,95246.22,50.00%,76.41
17:08:57,PULSE,95246.22,50.00%,76.41
17:09:02,PULSE,95239.83,50.00%,73.35
17:09:07,PULSE,95239.83,50.00%,73.35
17:09:12,PULSE,95239.83,50.00%,73.35
17:09:17,PULSE,95239.83,50.00%,73.35
17:09:22,PULSE,95239.83,50.00%,73.35
17:09:27,PULSE,95239.83,50.00%,73.35
17:09:32,PULSE,95239.83,50.00%,73.35
17:09:38,PULSE,95239.83,50.00%,73.35
17:09:43,PULSE,95239.83,50.00%,73.35
17:09:48,PULSE,95239.83,50.00%,73.35
17:09:53,PULSE,95249.10,50.00%,74.92
17:09:58,PULSE,95249.10,50.00%,74.92
17:10:03,PULSE,95249.10,50.00%,74.92
17:10:08,PULSE,95249.10,50.00%,74.92
17:10:14,PULSE,95249.10,50.00%,74.92
17:10:19,PULSE,95249.10,50.00%,74.92
17:10:24,PULSE,95249.10,50.00%,74.92
17:10:29,PULSE,95249.10,50.00%,74.92
17:10:34,PULSE,95249.10,50.00%,74.92
17:10:39,PULSE,95249.10,50.00%,74.92
17:10:44,PULSE,95249.10,50.00%,74.92
17:10:49,PULSE,95241.85,50.00%,71.38
17:10:54,PULSE,95241.85,50.00%,71.38
17:10:59,PULSE,95241.85,50.00%,71.38
17:11:05,PULSE,95241.85,50.00%,71.38
17:11:10,PULSE,95241.85,50.00%,71.38
17:11:15,PULSE,95241.85,50.00%,71.38
17:11:20,PULSE,95241.85,50.00%,71.38
17:11:25,PULSE,95241.85,50.00%,71.38
17:11:30,PULSE,95241.85,50.00%,71.38
17:11:35,PULSE,95241.85,50.00%,71.38
17:11:40,PULSE,95241.85,50.00%,71.38
17:11:46,PULSE,95241.85,50.00%,71.38
17:11:51,PULSE,95241.85,50.00%,71.38
17:11:56,PULSE,95248.52,50.00%,72.66
17:12:01,PULSE,95248.52,50.00%,72.66
17:12:06,PULSE,95248.52,50.00%,72.66
17:12:11,PULSE,95248.52,50.00%,72.66
17:15:45,SELL,95259.01,50.00%,73.49
17:15:45,PULSE,95259.01,50.00%,73.49
17:15:50,PULSE,95259.01,50.00%,73.49
17:15:55,PULSE,95252.98,50.00%,70.20
17:16:00,PULSE,95252.98,50.00%,70.20
17:16:05,PULSE,95252.98,50.00%,70.20
17:16:10,PULSE,95252.98,50.00%,70.20
17:16:15,PULSE,95252.98,50.00%,70.20
17:16:20,PULSE,95252.98,50.00%,70.20
17:16:25,PULSE,95252.98,50.00%,70.20
17:16:31,PULSE,95252.98,50.00%,70.20
17:16:36,PULSE,95252.98,50.00%,70.20
17:16:41,PULSE,95252.98,50.00%,70.20
17:16:46,PULSE,95252.98,50.00%,70.20
17:16:51,PULSE,95252.98,50.00%,70.20
17:16:56,PULSE,95253.32,50.00%,70.28
17:17:01,PULSE,95253.32,50.00%,70.28
17:17:06,PULSE,95253.32,50.00%,70.28
17:17:11,PULSE,95253.32,50.00%,70.28
17:17:17,PULSE,95253.32,50.00%,70.28
17:17:22,PULSE,95253.32,50.00%,70.28
17:17:27,PULSE,95253.32,50.00%,70.28
17:17:32,PULSE,95253.32,50.00%,70.28
17:17:37,PULSE,95253.32,50.00%,70.28
17:17:43,PULSE,95253.32,50.00%,70.28
17:17:48,PULSE,95253.32,50.00%,70.28
17:17:53,PULSE,95253.32,50.00%,70.28
17:17:58,PULSE,95268.00,50.00%,73.61
17:18:03,PULSE,95268.00,50.00%,73.61
17:18:08,PULSE,95268.00,50.00%,73.61
17:18:13,PULSE,95268.00,50.00%,73.61
17:18:18,PULSE,95268.00,50.00%,73.61
17:18:23,PULSE,95268.00,50.00%,73.61
17:18:28,PULSE,95268.00,50.00%,73.61
17:18:34,PULSE,95268.00,50.00%,73.61
17:18:39,PULSE,95268.00,50.00%,73.61
17:18:44,PULSE,95268.00,50.00%,73.61
17:18:49,PULSE,95265.05,50.00%,71.86
17:18:55,PULSE,95265.05,50.00%,71.86
17:19:00,PULSE,95265.05,50.00%,71.86
17:19:05,PULSE,95265.05,50.00%,71.86
17:19:10,PULSE,95265.05,50.00%,71.86
17:19:15,PULSE,95265.05,50.00%,71.86
17:19:20,PULSE,95265.05,50.00%,71.86
17:19:25,PULSE,95265.05,50.00%,71.86
17:19:30,PULSE,95265.05,50.00%,71.86
17:19:36,PULSE,95265.05,50.00%,71.86
17:19:41,PULSE,95265.05,50.00%,71.86
17:19:46,PULSE,95265.05,50.00%,71.86
17:19:51,PULSE,95260.49,50.00%,69.14
17:19:56,PULSE,95260.49,50.00%,69.14
17:20:01,PULSE,95260.49,50.00%,69.14
17:20:06,PULSE,95260.49,50.00%,69.14
17:20:11,PULSE,95260.49,50.00%,69.14
17:20:16,PULSE,95260.49,50.00%,69.14
17:20:22,PULSE,95260.49,50.00%,69.14
17:20:27,PULSE,95260.49,50.00%,69.14
17:20:32,PULSE,95260.49,50.00%,69.14
17:20:37,PULSE,95260.49,50.00%,69.14
17:20:42,PULSE,95260.49,50.00%,69.14
17:20:47,PULSE,95260.49,50.00%,69.14
17:20:52,PULSE,95255.79,50.00%,66.35
17:20:57,PULSE,95255.79,50.00%,66.35
17:21:02,PULSE,95255.79,50.00%,66.35
17:21:08,PULSE,95255.79,50.00%,66.35
17:21:13,PULSE,95255.79,50.00%,66.35
17:21:18,PULSE,95255.79,50.00%,66.35
17:21:23,PULSE,95255.79,50.00%,66.35
17:21:28,PULSE,95255.79,50.00%,66.35
17:21:33,PULSE,95255.79,50.00%,66.35
17:21:38,PULSE,95255.79,50.00%,66.35
17:21:43,PULSE,95255.79,50.00%,66.35
17:21:49,PULSE,95255.79,50.00%,66.35
17:21:54,PULSE,95255.79,50.00%,66.35
17:21:59,PULSE,95252.24,50.00%,64.24
17:22:04,PULSE,95252.24,50.00%,64.24
17:22:09,PULSE,95252.24,50.00%,64.24
17:22:14,PULSE,95252.24,50.00%,64.24
17:22:19,PULSE,95252.24,50.00%,64.24
17:22:24,PULSE,95252.24,50.00%,64.24
17:22:29,PULSE,95252.24,50.00%,64.24
17:22:34,PULSE,95252.24,50.00%,64.24
17:22:40,PULSE,95252.24,50.00%,64.24
17:22:45,PULSE,95252.24,50.00%,64.24
17:22:50,PULSE,95252.24,50.00%,64.24
17:22:55,PULSE,95247.30,50.00%,61.31
17:23:00,PULSE,95247.30,50.00%,61.31
17:23:05,PULSE,95247.30,50.00%,61.31
17:23:10,PULSE,95247.30,50.00%,61.31
17:23:16,PULSE,95247.30,50.00%,61.31
17:23:21,PULSE,95247.30,50.00%,61.31
17:23:26,PULSE,95247.30,50.00%,61.31
17:23:31,PULSE,95247.30,50.00%,61.31
17:23:36,PULSE,95247.30,50.00%,61.31
17:23:41,PULSE,95247.30,50.00%,61.31
17:23:46,PULSE,95247.30,50.00%,61.31
17:23:51,PULSE,95247.30,50.00%,61.31
17:23:56,PULSE,95247.30,50.00%,61.31
17:24:02,PULSE,95254.13,50.00%,63.77
17:24:07,PULSE,95254.13,50.00%,63.77
17:24:12,PULSE,95254.13,50.00%,63.77
17:24:17,PULSE,95254.13,50.00%,63.77
17:24:22,PULSE,95254.13,50.00%,63.77
17:24:27,PULSE,95254.13,50.00%,63.77
17:24:32,PULSE,95254.13,50.00%,63.77
17:24:37,PULSE,95254.13,50.00%,63.77
17:24:42,PULSE,95254.13,50.00%,63.77
17:24:47,PULSE,95254.13,50.00%,63.77
17:24:53,PULSE,95250.48,50.00%,61.52
17:24:58,PULSE,95250.48,50.00%,61.52
17:25:03,PULSE,95250.48,50.00%,61.52
17:25:08,PULSE,95250.48,50.00%,61.52
17:25:13,PULSE,95250.48,50.00%,61.52
17:25:18,PULSE,95250.48,50.00%,61.52
17:25:23,PULSE,95250.48,50.00%,61.52
17:25:28,PULSE,95250.48,50.00%,61.52
17:25:33,PULSE,95250.48,50.00%,61.52
17:25:38,PULSE,95250.48,50.00%,61.52
17:25:44,PULSE,95250.48,50.00%,61.52
17:25:49,PULSE,95250.48,50.00%,61.52
17:25:54,PULSE,95250.48,50.00%,61.52
17:25:59,PULSE,95250.48,50.00%,61.52
17:26:04,PULSE,95254.57,50.00%,63.09
17:26:09,PULSE,95254.57,50.00%,63.09
17:26:14,PULSE,95254.57,50.00%,63.09
17:26:19,PULSE,95254.57,50.00%,63.09
17:26:24,PULSE,95254.57,50.00%,63.09
17:26:29,PULSE,95254.57,50.00%,63.09
17:26:35,PULSE,95254.57,50.00%,63.09
17:26:40,PULSE,95254.57,50.00%,63.09
17:26:45,PULSE,95254.57,50.00%,63.09
17:26:50,PULSE,95254.57,50.00%,63.09
17:26:55,PULSE,95255.92,50.00%,63.62
17:27:00,PULSE,95255.92,50.00%,63.62
17:27:05,PULSE,95255.92,50.00%,63.62
17:27:10,PULSE,95255.92,50.00%,63.62
17:27:15,PULSE,95255.92,50.00%,63.62
17:27:20,PULSE,95255.92,50.00%,63.62
17:27:26,PULSE,95255.92,50.00%,63.62
17:27:31,PULSE,95255.92,50.00%,63.62
17:27:36,PULSE,95255.92,50.00%,63.62
17:27:41,PULSE,95255.92,50.00%,63.62
17:27:46,PULSE,95255.92,50.00%,63.62
17:27:51,PULSE,95255.92,50.00%,63.62
17:27:56,PULSE,95253.55,50.00%,61.94
17:28:01,PULSE,95253.55,50.00%,61.94
17:28:06,PULSE,95253.55,50.00%,61.94
17:28:12,PULSE,95253.55,50.00%,61.94
17:28:17,PULSE,95253.55,50.00%,61.94
17:28:22,PULSE,95253.55,50.00%,61.94
17:28:27,PULSE,95253.55,50.00%,61.94
17:28:32,PULSE,95253.55,50.00%,61.94
17:28:37,PULSE,95253.55,50.00%,61.94
17:28:42,PULSE,95253.55,50.00%,61.94
17:28:47,PULSE,95253.55,50.00%,61.94
17:28:52,PULSE,95253.55,50.00%,61.94
17:28:57,PULSE,95253.55,50.00%,61.94
17:29:02,PULSE,95257.17,50.00%,63.52
17:29:08,PULSE,95257.17,50.00%,63.52
17:29:13,PULSE,95257.17,50.00%,63.52
17:29:18,PULSE,95257.17,50.00%,63.52
17:29:23,PULSE,95257.17,50.00%,63.52
17:29:28,PULSE,95257.17,50.00%,63.52
17:29:33,PULSE,95257.17,50.00%,63.52
17:29:38,PULSE,95257.17,50.00%,63.52
17:29:43,PULSE,95257.17,50.00%,63.52
17:29:48,PULSE,95259.81,50.00%,64.67
17:29:54,PULSE,95259.81,50.00%,64.67
17:29:59,PULSE,95259.81,50.00%,64.67
17:30:04,PULSE,95259.81,50.00%,64.67
17:30:09,PULSE,95259.81,50.00%,64.67
17:30:14,PULSE,95259.81,50.00%,64.67
17:30:19,PULSE,95259.81,50.00%,64.67
17:30:24,PULSE,95259.81,50.00%,64.67
17:30:29,PULSE,95259.81,50.00%,64.67
17:30:34,PULSE,95259.81,50.00%,64.67
17:30:39,PULSE,95259.81,50.00%,64.67
17:30:44,PULSE,95259.81,50.00%,64.67
17:30:50,PULSE,95259.81,50.00%,64.67
17:30:55,PULSE,95259.81,50.00%,64.67
17:31:00,PULSE,95259.81,50.00%,64.67
17:31:05,PULSE,95252.36,50.00%,59.01
17:31:10,PULSE,95252.36,50.00%,59.01
17:31:15,PULSE,95252.36,50.00%,59.01
17:31:20,PULSE,95252.36,50.00%,59.01
17:31:25,PULSE,95252.36,50.00%,59.01
17:31:30,PULSE,95252.36,50.00%,59.01
17:31:35,PULSE,95252.36,50.00%,59.01
17:31:41,PULSE,95252.36,50.00%,59.01
17:31:46,PULSE,95252.36,50.00%,59.01
17:31:51,PULSE,95252.36,50.00%,59.01
17:31:56,PULSE,95252.36,50.00%,59.01
17:32:01,PULSE,95252.36,50.00%,59.01
17:32:06,PULSE,95252.36,50.00%,59.01
17:32:11,PULSE,95252.36,50.00%,59.01
17:32:16,PULSE,95252.36,50.00%,59.01
17:32:21,PULSE,95252.36,50.00%,59.01
17:32:26,PULSE,95252.36,50.00%,59.01
17:32:32,PULSE,95252.36,50.00%,59.01
17:32:37,PULSE,95252.36,50.00%,59.01
17:32:42,PULSE,95252.36,50.00%,59.01
17:32:47,PULSE,95252.36,50.00%,59.01
17:32:52,PULSE,95252.36,50.00%,59.01
17:32:57,PULSE,95252.36,50.00%,59.01
17:33:02,PULSE,95255.24,50.00%,60.45
17:33:07,PULSE,95255.24,50.00%,60.45
17:33:12,PULSE,95255.24,50.00%,60.45
17:33:18,PULSE,95255.24,50.00%,60.45
17:33:23,PULSE,95255.24,50.00%,60.45
17:33:28,PULSE,95255.24,50.00%,60.45
17:33:33,PULSE,95255.24,50.00%,60.45
17:33:38,PULSE,95255.24,50.00%,60.45
17:33:43,PULSE,95255.24,50.00%,60.45
17:33:48,PULSE,95255.24,50.00%,60.45
17:33:53,PULSE,95267.84,50.00%,66.07
17:33:58,PULSE,95267.84,50.00%,66.07
17:34:03,PULSE,95267.84,50.00%,66.07
17:34:09,PULSE,95267.84,50.00%,66.07
17:34:14,PULSE,95267.84,50.00%,66.07
17:34:19,PULSE,95267.84,50.00%,66.07
17:34:24,PULSE,95267.84,50.00%,66.07
17:34:29,PULSE,95267.84,50.00%,66.07
17:34:34,PULSE,95267.84,50.00%,66.07
17:34:40,PULSE,95267.84,50.00%,66.07
17:34:45,PULSE,95267.84,50.00%,66.07
17:34:50,PULSE,95267.84,50.00%,66.07
17:34:55,PULSE,95267.84,50.00%,66.07
17:35:00,PULSE,95261.02,50.00%,61.02
17:35:05,PULSE,95261.02,50.00%,61.02
17:35:10,PULSE,95261.02,50.00%,61.02
17:35:15,PULSE,95261.02,50.00%,61.02
17:35:20,PULSE,95261.02,50.00%,61.02
17:35:25,PULSE,95261.02,50.00%,61.02
17:35:31,PULSE,95261.02,50.00%,61.02
17:35:36,PULSE,95261.02,50.00%,61.02
17:35:41,PULSE,95261.02,50.00%,61.02
17:35:46,PULSE,95261.02,50.00%,61.02
17:35:51,PULSE,95250.01,51.37%,53.86
17:35:56,PULSE,95250.01,51.37%,53.86
17:36:01,PULSE,95250.01,51.37%,53.86
17:36:06,PULSE,95250.01,51.37%,53.86
17:36:11,PULSE,95250.01,51.37%,53.86
17:36:17,PULSE,95250.01,51.37%,53.86
17:36:22,PULSE,95250.01,51.37%,53.86
17:36:27,PULSE,95250.01,51.37%,53.86
17:36:32,PULSE,95250.01,51.37%,53.86
17:36:37,PULSE,95250.01,51.37%,53.86
17:36:42,PULSE,95250.01,51.37%,53.86
17:36:47,PULSE,95250.01,51.37%,53.86
17:36:52,PULSE,95248.91,52.18%,53.18
17:36:57,PULSE,95248.91,52.18%,53.18
17:37:02,PULSE,95248.91,52.18%,53.18
17:37:07,PULSE,95248.91,52.18%,53.18
17:37:13,PULSE,95248.91,52.18%,53.18
17:37:18,PULSE,95248.91,52.18%,53.18
17:37:23,PULSE,95248.91,52.18%,53.18
17:37:28,PULSE,95248.91,52.18%,53.18
17:37:33,PULSE,95248.91,52.18%,53.18
17:37:38,PULSE,95248.91,52.18%,53.18
17:37:43,PULSE,95248.91,52.18%,53.18
17:37:48,PULSE,95248.91,52.18%,53.18
17:37:53,PULSE,95248.91,52.18%,53.18
17:37:59,PULSE,95248.91,52.18%,53.18
17:38:04,PULSE,95248.91,52.18%,53.18
17:38:09,PULSE,95248.91,52.18%,53.18
17:38:14,PULSE,95248.91,52.18%,53.18
17:38:19,PULSE,95248.91,52.18%,53.18
17:38:24,PULSE,95248.91,52.18%,53.18
20:07:24,PULSE,95430.91,50.00%,64.89
20:07:29,PULSE,95430.91,50.00%,64.89
20:07:35,PULSE,95430.91,50.00%,64.89
20:07:40,PULSE,95430.91,50.00%,64.89
20:07:45,PULSE,95430.91,50.00%,64.89
20:07:50,PULSE,95460.04,50.00%,70.64
20:07:55,PULSE,95460.04,50.00%,70.64
20:08:00,PULSE,95460.04,50.00%,70.64
20:08:05,PULSE,95460.04,50.00%,70.64
20:08:10,PULSE,95460.04,50.00%,70.64
20:08:15,PULSE,95460.04,50.00%,70.64
20:08:21,PULSE,95460.04,50.00%,70.64
20:08:26,PULSE,95460.04,50.00%,70.64
20:08:31,PULSE,95460.04,50.00%,70.64
20:08:36,PULSE,95460.04,50.00%,70.64
20:08:41,PULSE,95460.04,50.00%,70.64
20:08:46,PULSE,95460.04,50.00%,70.64
20:08:52,PULSE,95460.04,50.00%,70.64
20:08:57,PULSE,95442.45,50.00%,63.84
20:09:07,PULSE,95442.45,50.00%,63.84
20:09:12,PULSE,95442.45,50.00%,63.84
20:09:17,PULSE,95442.45,50.00%,63.84
20:09:22,PULSE,95442.45,50.00%,63.84
20:09:27,PULSE,95442.45,50.00%,63.84
20:09:32,PULSE,95442.45,50.00%,63.84
20:09:37,PULSE,95442.45,50.00%,63.84
20:09:43,PULSE,95442.45,50.00%,63.84
20:09:48,PULSE,95442.45,50.00%,63.84
20:09:53,PULSE,95469.87,50.00%,68.87
20:09:58,PULSE,95469.87,50.00%,68.87
20:10:03,PULSE,95469.87,50.00%,68.87
20:10:08,PULSE,95469.87,50.00%,68.87
20:10:13,PULSE,95469.87,50.00%,68.87
20:10:18,PULSE,95469.87,50.00%,68.87
20:10:24,PULSE,95469.87,50.00%,68.87
20:10:29,PULSE,95469.87,50.00%,68.87
20:10:34,PULSE,95469.87,50.00%,68.87
20:10:39,PULSE,95469.87,50.00%,68.87
20:10:44,PULSE,95469.87,50.00%,68.87
20:10:49,PULSE,95469.87,50.00%,68.87
20:10:54,PULSE,95469.87,50.00%,68.87
20:11:00,PULSE,95469.17,50.00%,68.61
20:11:05,PULSE,95469.17,50.00%,68.61
20:11:10,PULSE,95469.17,50.00%,68.61
20:11:15,PULSE,95469.17,50.00%,68.61
20:11:20,PULSE,95469.17,50.00%,68.61
20:11:25,PULSE,95469.17,50.00%,68.61
20:11:30,PULSE,95469.17,50.00%,68.61
20:11:35,PULSE,95469.17,50.00%,68.61
20:11:40,PULSE,95469.17,50.00%,68.61
20:11:45,PULSE,95469.17,50.00%,68.61
20:11:50,PULSE,95469.17,50.00%,68.61
20:11:56,PULSE,95473.01,50.00%,69.30
20:12:01,PULSE,95473.01,50.00%,69.30
20:12:06,PULSE,95473.01,50.00%,69.30
20:12:11,PULSE,95473.01,50.00%,69.30
20:12:16,PULSE,95473.01,50.00%,69.30
20:12:22,PULSE,95473.01,50.00%,69.30
20:12:27,PULSE,95473.01,50.00%,69.30
20:12:32,PULSE,95473.01,50.00%,69.30
20:12:37,PULSE,95473.01,50.00%,69.30
20:12:42,PULSE,95473.01,50.00%,69.30
20:12:47,PULSE,95473.01,50.00%,69.30
20:12:52,PULSE,95490.31,50.00%,72.26
20:12:57,PULSE,95490.31,50.00%,72.26
20:13:02,PULSE,95490.31,50.00%,72.26
20:13:08,PULSE,95490.31,50.00%,72.26
20:13:13,PULSE,95490.31,50.00%,72.26
20:13:18,PULSE,95490.31,50.00%,72.26
20:13:23,PULSE,95490.31,50.00%,72.26
20:13:29,PULSE,95490.31,50.00%,72.26
20:13:34,PULSE,95490.31,50.00%,72.26
20:13:39,PULSE,95490.31,50.00%,72.26
20:13:44,PULSE,95490.31,50.00%,72.26
20:13:49,PULSE,95490.31,50.00%,72.26
20:13:54,PULSE,95487.22,50.00%,70.94
20:13:59,PULSE,95487.22,50.00%,70.94
20:14:05,PULSE,95487.22,50.00%,70.94
20:14:10,PULSE,95487.22,50.00%,70.94
20:14:15,PULSE,95487.22,50.00%,70.94
20:14:20,PULSE,95487.22,50.00%,70.94
20:14:25,PULSE,95487.22,50.00%,70.94
20:14:30,PULSE,95487.22,50.00%,70.94
20:14:35,PULSE,95487.22,50.00%,70.94
20:14:41,PULSE,95487.22,50.00%,70.94
20:14:46,PULSE,95487.22,50.00%,70.94
20:14:51,PULSE,95487.22,50.00%,70.94
20:14:56,PULSE,95489.65,50.00%,71.38
20:15:01,PULSE,95489.65,50.00%,71.38
20:15:06,PULSE,95489.65,50.00%,71.38
20:15:11,PULSE,95489.65,50.00%,71.38
20:15:16,PULSE,95489.65,50.00%,71.38
20:15:22,PULSE,95489.65,50.00%,71.38
20:15:27,PULSE,95489.65,50.00%,71.38
20:15:32,PULSE,95489.65,50.00%,71.38
20:15:37,PULSE,95489.65,50.00%,71.38
20:15:42,PULSE,95489.65,50.00%,71.38
20:15:47,PULSE,95489.65,50.00%,71.38
20:15:52,PULSE,95489.65,50.00%,71.38
20:15:57,PULSE,95489.65,50.00%,71.38
20:16:02,PULSE,95490.08,50.00%,71.47
20:16:07,PULSE,95490.08,50.00%,71.47
20:16:12,PULSE,95490.08,50.00%,71.47
20:16:18,PULSE,95490.08,50.00%,71.47
20:16:23,PULSE,95490.08,50.00%,71.47
20:16:28,PULSE,95490.08,50.00%,71.47
20:16:33,PULSE,95490.08,50.00%,71.47
20:16:38,PULSE,95490.08,50.00%,71.47
20:16:43,PULSE,95490.08,50.00%,71.47
20:16:48,PULSE,95490.08,50.00%,71.47
20:16:53,PULSE,95485.54,50.00%,69.20
20:16:59,PULSE,95485.54,50.00%,69.20
20:17:04,PULSE,95485.54,50.00%,69.20
20:17:09,PULSE,95485.54,50.00%,69.20
20:17:14,PULSE,95485.54,50.00%,69.20
20:17:19,PULSE,95485.54,50.00%,69.20
20:17:24,PULSE,95485.54,50.00%,69.20
20:17:32,PULSE,95485.54,50.00%,69.20
20:17:37,PULSE,95485.54,50.00%,69.20
20:17:42,PULSE,95485.54,50.00%,69.20
20:17:47,PULSE,95485.54,50.00%,69.20
20:17:52,BUY,95408.89,63.37%,43.86
20:17:52,PULSE,95408.89,63.37%,43.86
20:17:57,PULSE,95408.89,63.37%,43.86
20:18:02,PULSE,95408.89,63.37%,43.86
20:18:07,PULSE,95408.89,63.37%,43.86
20:18:12,PULSE,95408.89,63.37%,43.86
20:18:18,PULSE,95408.89,63.37%,43.86
20:18:23,PULSE,95408.89,63.37%,43.86
20:18:28,PULSE,95408.89,63.37%,43.86
20:18:33,PULSE,95408.89,63.37%,43.86
20:18:38,PULSE,95408.89,63.37%,43.86
20:18:43,PULSE,95408.89,63.37%,43.86
20:18:48,PULSE,95408.89,63.37%,43.86
20:18:54,PULSE,95408.89,63.37%,43.86
20:18:59,PULSE,95408.89,63.37%,43.86
20:19:04,PULSE,95403.86,64.70%,42.75
20:19:09,PULSE,95403.86,64.70%,42.75
20:19:14,PULSE,95403.86,64.70%,42.75
20:19:19,PULSE,95403.86,64.70%,42.75
20:19:24,PULSE,95403.86,64.70%,42.75
20:19:30,PULSE,95403.86,64.70%,42.75
20:19:35,PULSE,95403.86,64.70%,42.75
20:19:40,PULSE,95403.86,64.70%,42.75
20:19:45,PULSE,95403.86,64.70%,42.75
20:19:50,PULSE,95403.86,64.70%,42.75
20:19:55,PULSE,95414.93,60.82%,45.98
20:20:00,PULSE,95414.93,60.82%,45.98
20:20:06,PULSE,95414.93,60.82%,45.98
20:20:11,PULSE,95414.93,60.82%,45.98
20:20:16,PULSE,95414.93,60.82%,45.98
20:20:21,PULSE,95414.93,60.82%,45.98
20:20:26,PULSE,95414.93,60.82%,45.98
20:20:31,PULSE,95414.93,60.82%,45.98
20:20:36,PULSE,95414.93,60.82%,45.98
20:20:42,PULSE,95414.93,60.82%,45.98
20:20:47,PULSE,95414.93,60.82%,45.98
20:20:52,PULSE,95414.93,60.82%,45.98
20:20:57,PULSE,95406.73,63.20%,44.00
20:21:02,PULSE,95406.73,63.20%,44.00
20:21:07,PULSE,95406.73,63.20%,44.00
20:21:12,PULSE,95406.73,63.20%,44.00
20:21:17,PULSE,95406.73,63.20%,44.00
20:21:23,PULSE,95406.73,63.20%,44.00
20:21:28,PULSE,95406.73,63.20%,44.00
20:21:33,PULSE,95406.73,63.20%,44.00
20:21:38,PULSE,95406.73,63.20%,44.00
20:21:43,PULSE,95406.73,63.20%,44.00
20:21:48,PULSE,95406.73,63.20%,44.00
20:21:53,PULSE,95406.73,63.20%,44.00
20:21:59,PULSE,95392.61,67.10%,40.75
20:22:04,PULSE,95392.61,67.10%,40.75
20:22:09,PULSE,95392.61,67.10%,40.75
20:22:14,PULSE,95392.61,67.10%,40.75
20:22:19,PULSE,95392.61,67.10%,40.75
20:22:24,PULSE,95392.61,67.10%,40.75
20:22:29,PULSE,95392.61,67.10%,40.75
20:22:35,PULSE,95392.61,67.10%,40.75
20:22:40,PULSE,95392.61,67.10%,40.75
20:22:45,PULSE,95392.61,67.10%,40.75
20:22:50,PULSE,95392.61,67.10%,40.75
20:22:55,PULSE,95388.16,68.30%,39.75
20:23:00,PULSE,95388.16,68.30%,39.75
20:23:05,PULSE,95388.16,68.30%,39.75
20:23:10,PULSE,95388.16,68.30%,39.75
20:23:15,PULSE,95388.16,68.30%,39.75
20:23:21,PULSE,95388.16,68.30%,39.75
20:23:26,PULSE,95388.16,68.30%,39.75
20:23:31,PULSE,95388.16,68.30%,39.75
20:23:36,PULSE,95388.16,68.30%,39.75
20:23:41,PULSE,95388.16,68.30%,39.75
20:23:46,PULSE,95388.16,68.30%,39.75
20:23:52,PULSE,95388.16,68.30%,39.75
20:23:57,PULSE,95388.16,68.30%,39.75
20:24:02,PULSE,95379.19,70.71%,37.74
20:24:07,PULSE,95379.19,70.71%,37.74
20:24:12,PULSE,95379.19,70.71%,37.74
20:24:17,PULSE,95379.19,70.71%,37.74
20:24:22,PULSE,95379.19,70.71%,37.74
20:24:28,PULSE,95379.19,70.71%,37.74
20:24:33,PULSE,95379.19,70.71%,37.74
20:24:38,PULSE,95379.19,70.71%,37.74
20:24:43,PULSE,95379.19,70.71%,37.74
20:24:48,PULSE,95379.19,70.71%,37.74
20:24:53,PULSE,95373.95,72.10%,36.58
20:24:58,PULSE,95373.95,72.10%,36.58
20:25:03,PULSE,95373.95,72.10%,36.58
20:25:08,PULSE,95373.95,72.10%,36.58
20:25:14,PULSE,95373.95,72.10%,36.58
20:25:19,PULSE,95373.95,72.10%,36.58
20:25:24,PULSE,95373.95,72.10%,36.58
20:25:29,PULSE,95373.95,72.10%,36.58
20:25:35,PULSE,95373.95,72.10%,36.58
20:25:40,PULSE,95373.95,72.10%,36.58
20:25:45,PULSE,95373.95,72.10%,36.58
20:25:50,PULSE,95373.95,72.10%,36.58
20:25:55,PULSE,95374.82,71.68%,36.93
20:26:00,PULSE,95374.82,71.68%,36.93
20:26:06,PULSE,95374.82,71.68%,36.93
20:26:11,PULSE,95374.82,71.68%,36.93
20:26:16,PULSE,95374.82,71.68%,36.93
20:26:21,PULSE,95374.82,71.68%,36.93
20:26:26,PULSE,95374.82,71.68%,36.93
20:26:31,PULSE,95374.82,71.68%,36.93
20:26:37,PULSE,95374.82,71.68%,36.93
20:26:42,PULSE,95374.82,71.68%,36.93
20:26:47,PULSE,95374.82,71.68%,36.93
20:26:52,PULSE,95391.91,63.83%,43.47
20:26:57,PULSE,95391.91,63.83%,43.47
20:27:03,PULSE,95391.91,63.83%,43.47
20:27:08,PULSE,95391.91,63.83%,43.47
20:27:13,PULSE,95391.91,63.83%,43.47
20:27:19,PULSE,95391.91,63.83%,43.47
20:27:24,PULSE,95391.91,63.83%,43.47
20:27:29,PULSE,95391.91,63.83%,43.47
20:27:35,PULSE,95391.91,63.83%,43.47
20:27:40,PULSE,95391.91,63.83%,43.47
20:27:45,PULSE,95391.91,63.83%,43.47
20:27:50,PULSE,95391.91,63.83%,43.47
20:27:55,PULSE,95385.26,66.01%,41.66
20:28:00,PULSE,95385.26,66.01%,41.66
20:28:05,PULSE,95385.26,66.01%,41.66
20:28:10,PULSE,95385.26,66.01%,41.66
20:28:16,PULSE,95385.26,66.01%,41.66
20:28:21,PULSE,95385.26,66.01%,41.66
20:28:26,PULSE,95385.26,66.01%,41.66
20:28:31,PULSE,95385.26,66.01%,41.66
20:28:36,PULSE,95385.26,66.01%,41.66
20:28:41,PULSE,95385.26,66.01%,41.66
20:28:46,PULSE,95385.26,66.01%,41.66
20:28:51,PULSE,95385.26,66.01%,41.66
20:28:57,PULSE,95389.55,64.03%,43.30
20:29:02,PULSE,95389.55,64.03%,43.30
20:29:07,PULSE,95389.55,64.03%,43.30
20:29:12,PULSE,95389.55,64.03%,43.30
20:29:17,PULSE,95389.55,64.03%,43.30
20:29:22,PULSE,95389.55,64.03%,43.30
20:29:27,PULSE,95389.55,64.03%,43.30
20:29:32,PULSE,95389.55,64.03%,43.30
20:29:37,PULSE,95389.55,64.03%,43.30
20:29:42,PULSE,95389.55,64.03%,43.30
20:29:48,PULSE,95389.55,64.03%,43.30
20:29:53,PULSE,95382.80,66.40%,41.33
20:29:58,PULSE,95382.80,66.40%,41.33
20:30:03,PULSE,95382.80,66.40%,41.33
20:30:08,PULSE,95382.80,66.40%,41.33
20:30:13,PULSE,95382.80,66.40%,41.33
20:30:18,PULSE,95382.80,66.40%,41.33
20:30:23,PULSE,95382.80,66.40%,41.33
20:30:29,PULSE,95382.80,66.40%,41.33
20:30:35,PULSE,95382.80,66.40%,41.33
20:30:40,PULSE,95382.80,66.40%,41.33
20:30:46,PULSE,95382.80,66.40%,41.33
20:30:51,PULSE,95382.80,66.40%,41.33
20:30:56,PULSE,95382.80,66.40%,41.33
20:31:01,PULSE,95385.92,64.84%,42.63
20:31:06,PULSE,95385.92,64.84%,42.63
20:31:11,PULSE,95385.92,64.84%,42.63
20:31:17,PULSE,95385.92,64.84%,42.63
20:31:22,PULSE,95385.92,64.84%,42.63
20:31:27,PULSE,95385.92,64.84%,42.63
20:31:32,PULSE,95385.92,64.84%,42.63
20:31:38,PULSE,95385.92,64.84%,42.63
20:31:43,PULSE,95385.92,64.84%,42.63
20:31:48,PULSE,95385.92,64.84%,42.63
20:31:53,PULSE,95385.92,64.84%,42.63
20:31:58,PULSE,95383.33,65.84%,41.80
20:32:03,PULSE,95383.33,65.84%,41.80
20:32:08,PULSE,95383.33,65.84%,41.80
20:32:13,PULSE,95383.33,65.84%,41.80
20:32:19,PULSE,95383.33,65.84%,41.80
20:32:24,PULSE,95383.33,65.84%,41.80
20:32:29,PULSE,95383.33,65.84%,41.80
20:32:34,PULSE,95383.33,65.84%,41.80
20:32:39,PULSE,95383.33,65.84%,41.80
20:32:44,PULSE,95383.33,65.84%,41.80
20:32:50,PULSE,95383.33,65.84%,41.80
20:32:55,PULSE,95422.12,50.00%,55.68
20:33:01,PULSE,95422.12,50.00%,55.68
20:33:06,PULSE,95422.12,50.00%,55.68
20:33:11,PULSE,95422.12,50.00%,55.68
20:33:16,PULSE,95422.12,50.00%,55.68
20:33:21,PULSE,95422.12,50.00%,55.68
20:33:27,PULSE,95422.12,50.00%,55.68
20:33:32,PULSE,95422.12,50.00%,55.68
20:33:38,PULSE,95422.12,50.00%,55.68
20:33:43,PULSE,95422.12,50.00%,55.68
20:33:48,PULSE,95422.12,50.00%,55.68
20:33:53,PULSE,95422.12,50.00%,55.68
20:33:58,PULSE,95418.70,50.66%,54.45
20:34:04,PULSE,95418.70,50.66%,54.45
20:34:09,PULSE,95418.70,50.66%,54.45
20:34:14,PULSE,95418.70,50.66%,54.45
20:34:19,PULSE,95418.70,50.66%,54.45
20:34:24,PULSE,95418.70,50.66%,54.45
20:34:29,PULSE,95418.70,50.66%,54.45
20:34:34,PULSE,95418.70,50.66%,54.45
20:34:39,PULSE,95418.70,50.66%,54.45
20:34:45,PULSE,95418.70,50.66%,54.45
20:34:50,PULSE,95418.70,50.66%,54.45
20:34:55,PULSE,95423.50,50.00%,55.92
20:35:00,PULSE,95423.50,50.00%,55.92
20:35:05,PULSE,95423.50,50.00%,55.92
20:35:10,PULSE,95423.50,50.00%,55.92
20:35:15,PULSE,95423.50,50.00%,55.92
20:35:21,PULSE,95423.50,50.00%,55.92
20:35:26,PULSE,95423.50,50.00%,55.92
20:35:31,PULSE,95423.50,50.00%,55.92
20:35:36,PULSE,95423.50,50.00%,55.92
20:35:41,PULSE,95423.50,50.00%,55.92
20:35:47,PULSE,95423.50,50.00%,55.92
20:35:52,PULSE,95432.56,50.00%,58.65
20:35:57,PULSE,95432.56,50.00%,58.65
20:36:02,PULSE,95432.56,50.00%,58.65
20:36:07,PULSE,95432.56,50.00%,58.65
20:36:12,PULSE,95432.56,50.00%,58.65
20:36:17,PULSE,95432.56,50.00%,58.65
20:36:22,PULSE,95432.56,50.00%,58.65
20:36:27,PULSE,95432.56,50.00%,58.65
20:36:33,PULSE,95432.56,50.00%,58.65
20:36:38,PULSE,95432.56,50.00%,58.65
20:36:43,PULSE,95432.56,50.00%,58.65
20:36:48,PULSE,95426.60,50.00%,56.19
20:36:53,PULSE,95426.60,50.00%,56.19
20:36:58,PULSE,95426.60,50.00%,56.19
20:37:03,PULSE,95426.60,50.00%,56.19
20:37:09,PULSE,95426.60,50.00%,56.19
20:37:14,PULSE,95426.60,50.00%,56.19
20:37:19,PULSE,95426.60,50.00%,56.19
20:37:24,PULSE,95426.60,50.00%,56.19
20:37:29,PULSE,95426.60,50.00%,56.19
20:37:34,PULSE,95426.60,50.00%,56.19
20:37:40,PULSE,95426.60,50.00%,56.19
20:37:45,PULSE,95426.60,50.00%,56.19
20:37:50,PULSE,95427.75,50.00%,56.56
20:37:55,PULSE,95427.75,50.00%,56.56
20:38:00,PULSE,95427.75,50.00%,56.56
20:38:05,PULSE,95427.75,50.00%,56.56
20:38:11,PULSE,95427.75,50.00%,56.56
20:38:16,PULSE,95427.75,50.00%,56.56
20:38:21,PULSE,95427.75,50.00%,56.56
20:38:26,PULSE,95427.75,50.00%,56.56
20:38:31,PULSE,95427.75,50.00%,56.56
20:38:36,PULSE,95427.75,50.00%,56.56
20:38:41,PULSE,95427.75,50.00%,56.56
20:38:47,PULSE,95427.75,50.00%,56.56
20:38:52,PULSE,95427.75,50.00%,56.56
20:38:57,PULSE,95427.75,50.00%,56.56
20:39:02,PULSE,95437.48,50.00%,59.73
20:39:07,PULSE,95437.48,50.00%,59.73
20:39:12,PULSE,95437.48,50.00%,59.73
20:39:17,PULSE,95437.48,50.00%,59.73
20:39:22,PULSE,95437.48,50.00%,59.73
20:39:27,PULSE,95437.48,50.00%,59.73
20:39:33,PULSE,95437.48,50.00%,59.73
20:39:38,PULSE,95437.48,50.00%,59.73
20:39:43,PULSE,95437.48,50.00%,59.73
20:39:49,PULSE,95437.48,50.00%,59.73
20:39:54,SELL,95596.88,50.00%,82.39
20:39:54,PULSE,95596.88,50.00%,82.39
20:39:59,PULSE,95596.88,50.00%,82.39
20:40:04,PULSE,95596.88,50.00%,82.39
20:40:10,PULSE,95596.88,50.00%,82.39
20:40:15,PULSE,95596.88,50.00%,82.39
20:40:20,PULSE,95596.88,50.00%,82.39
20:40:25,PULSE,95596.88,50.00%,82.39
20:40:30,PULSE,95596.88,50.00%,82.39
20:40:35,PULSE,95596.88,50.00%,82.39
20:40:40,PULSE,95596.88,50.00%,82.39
20:40:45,PULSE,95596.88,50.00%,82.39
20:40:51,PULSE,95596.88,50.00%,82.39
20:40:56,PULSE,95595.82,50.00%,82.06
20:41:01,PULSE,95595.82,50.00%,82.06
20:41:06,PULSE,95595.82,50.00%,82.06
20:41:11,PULSE,95595.82,50.00%,82.06
20:41:16,PULSE,95595.82,50.00%,82.06
20:41:21,PULSE,95595.82,50.00%,82.06
20:41:26,PULSE,95595.82,50.00%,82.06
20:41:32,PULSE,95595.82,50.00%,82.06
20:41:37,PULSE,95595.82,50.00%,82.06
20:41:42,PULSE,95595.82,50.00%,82.06
20:41:48,PULSE,95595.82,50.00%,82.06
20:41:53,PULSE,95595.82,50.00%,82.06
20:41:58,PULSE,95531.94,50.00%,65.10
20:42:03,PULSE,95531.94,50.00%,65.10
20:42:08,PULSE,95531.94,50.00%,65.10
20:42:13,PULSE,95531.94,50.00%,65.10
20:42:19,PULSE,95531.94,50.00%,65.10
20:42:24,PULSE,95531.94,50.00%,65.10
20:42:29,PULSE,95531.94,50.00%,65.10
20:42:34,PULSE,95531.94,50.00%,65.10
20:42:39,PULSE,95531.94,50.00%,65.10
20:42:44,PULSE,95531.94,50.00%,65.10
20:42:49,PULSE,95531.94,50.00%,65.10
20:42:54,PULSE,95531.94,50.00%,65.10
20:42:59,PULSE,95531.94,50.00%,65.10
20:43:04,PULSE,95528.51,50.00%,64.33
20:43:10,PULSE,95528.51,50.00%,64.33
20:43:15,PULSE,95528.51,50.00%,64.33
20:43:20,PULSE,95528.51,50.00%,64.33
20:43:25,PULSE,95528.51,50.00%,64.33
20:43:30,PULSE,95528.51,50.00%,64.33
20:43:35,PULSE,95528.51,50.00%,64.33
20:43:40,PULSE,95528.51,50.00%,64.33
20:43:45,PULSE,95528.51,50.00%,64.33
20:43:50,PULSE,95528.51,50.00%,64.33
20:43:56,PULSE,95502.37,50.00%,58.65
20:44:01,PULSE,95502.37,50.00%,58.65
20:44:06,PULSE,95502.37,50.00%,58.65
20:44:11,PULSE,95502.37,50.00%,58.65
20:44:16,PULSE,95502.37,50.00%,58.65
20:44:21,PULSE,95502.37,50.00%,58.65
20:44:26,PULSE,95502.37,50.00%,58.65
20:44:31,PULSE,95502.37,50.00%,58.65
20:44:36,PULSE,95502.37,50.00%,58.65
20:44:42,PULSE,95502.37,50.00%,58.65
20:44:47,PULSE,95502.37,50.00%,58.65
20:44:52,PULSE,95502.37,50.00%,58.65
20:44:57,PULSE,95485.59,50.00%,55.27
20:45:02,PULSE,95485.59,50.00%,55.27
20:45:07,PULSE,95485.59,50.00%,55.27
20:45:12,PULSE,95485.59,50.00%,55.27
20:45:17,PULSE,95485.59,50.00%,55.27
20:45:23,PULSE,95485.59,50.00%,55.27
20:45:28,PULSE,95485.59,50.00%,55.27
20:45:33,PULSE,95485.59,50.00%,55.27
20:45:38,PULSE,95485.59,50.00%,55.27
20:45:43,PULSE,95485.59,50.00%,55.27
20:45:49,PULSE,95471.98,52.85%,52.63
20:45:54,PULSE,95471.98,52.85%,52.63
20:45:59,PULSE,95471.98,52.85%,52.63
20:46:04,PULSE,95471.98,52.85%,52.63
20:46:09,PULSE,95471.98,52.85%,52.63
20:46:14,PULSE,95471.98,52.85%,52.63
20:46:19,PULSE,95471.98,52.85%,52.63
20:46:24,PULSE,95471.98,52.85%,52.63
20:46:30,PULSE,95471.98,52.85%,52.63
20:46:35,PULSE,95471.98,52.85%,52.63
20:46:40,PULSE,95471.98,52.85%,52.63
20:46:45,PULSE,95471.98,52.85%,52.63
20:46:50,PULSE,95471.98,52.85%,52.63
20:46:55,PULSE,95471.98,52.85%,52.63
20:47:01,PULSE,95471.98,52.85%,52.63
20:47:06,PULSE,95463.41,54.83%,50.97
20:47:11,PULSE,95463.41,54.83%,50.97
20:47:16,PULSE,95463.41,54.83%,50.97
20:47:21,PULSE,95463.41,54.83%,50.97
20:47:26,PULSE,95463.41,54.83%,50.97
20:47:31,PULSE,95463.41,54.83%,50.97
20:47:36,PULSE,95463.41,54.83%,50.97
20:47:44,PULSE,95463.41,54.83%,50.97
20:47:49,PULSE,95463.41,54.83%,50.97
20:47:54,PULSE,95456.76,56.40%,49.67
20:47:59,PULSE,95456.76,56.40%,49.67
20:48:04,PULSE,95456.76,56.40%,49.67
20:48:09,PULSE,95456.76,56.40%,49.67
20:48:14,PULSE,95456.76,56.40%,49.67
20:48:19,PULSE,95456.76,56.40%,49.67
20:48:24,PULSE,95456.76,56.40%,49.67
20:48:30,PULSE,95456.76,56.40%,49.67
20:48:35,PULSE,95456.76,56.40%,49.67
20:48:40,PULSE,95456.76,56.40%,49.67
20:48:45,PULSE,95456.76,56.40%,49.67
20:48:50,PULSE,95456.76,56.40%,49.67
20:48:55,PULSE,95490.43,50.00%,55.83
20:49:00,PULSE,95490.43,50.00%,55.83
20:49:05,PULSE,95490.43,50.00%,55.83
20:49:10,PULSE,95490.43,50.00%,55.83
20:49:16,PULSE,95490.43,50.00%,55.83
20:49:21,PULSE,95490.43,50.00%,55.83
20:49:26,PULSE,95490.43,50.00%,55.83
20:49:31,PULSE,95490.43,50.00%,55.83
20:49:36,PULSE,95490.43,50.00%,55.83
20:49:41,PULSE,95490.43,50.00%,55.83
20:49:46,PULSE,95490.43,50.00%,55.83
20:49:52,PULSE,95503.67,50.00%,58.01
20:49:57,PULSE,95503.67,50.00%,58.01
20:50:02,PULSE,95503.67,50.00%,58.01
20:50:07,PULSE,95503.67,50.00%,58.01
20:50:12,PULSE,95503.67,50.00%,58.01
20:50:17,PULSE,95503.67,50.00%,58.01
20:50:22,PULSE,95503.67,50.00%,58.01
20:50:27,PULSE,95503.67,50.00%,58.01
20:50:32,PULSE,95503.67,50.00%,58.01
20:50:37,PULSE,95503.67,50.00%,58.01
20:50:43,PULSE,95503.67,50.00%,58.01
20:50:48,PULSE,95503.67,50.00%,58.01
20:50:53,PULSE,95485.90,51.02%,54.15
20:50:58,PULSE,95485.90,51.02%,54.15
20:51:03,PULSE,95485.90,51.02%,54.15
20:51:08,PULSE,95485.90,51.02%,54.15
20:51:13,PULSE,95485.90,51.02%,54.15
20:51:18,PULSE,95485.90,51.02%,54.15
20:51:24,PULSE,95485.90,51.02%,54.15
20:51:29,PULSE,95485.90,51.02%,54.15
20:51:34,PULSE,95485.90,51.02%,54.15
20:51:39,PULSE,95485.90,51.02%,54.15
20:51:44,PULSE,95485.90,51.02%,54.15
20:51:49,PULSE,95485.90,51.02%,54.15
20:51:54,PULSE,95485.90,51.02%,54.15
20:52:00,PULSE,95485.90,51.02%,54.15
20:52:05,PULSE,95485.90,51.02%,54.15
20:52:10,PULSE,95485.90,51.02%,54.15
20:52:15,PULSE,95485.90,51.02%,54.15
20:52:20,PULSE,95485.90,51.02%,54.15
20:52:25,PULSE,95485.90,51.02%,54.15
20:52:30,PULSE,95485.90,51.02%,54.15
20:52:35,PULSE,95485.90,51.02%,54.15
20:52:40,PULSE,95485.90,51.02%,54.15
20:52:45,PULSE,95485.90,51.02%,54.15
20:52:50,PULSE,95496.47,50.00%,56.03
20:52:56,PULSE,95496.47,50.00%,56.03
20:53:01,PULSE,95496.47,50.00%,56.03
20:53:06,PULSE,95496.47,50.00%,56.03
20:53:11,PULSE,95496.47,50.00%,56.03
20:53:16,PULSE,95496.47,50.00%,56.03
20:53:21,PULSE,95496.47,50.00%,56.03
20:53:26,PULSE,95496.47,50.00%,56.03
20:53:31,PULSE,95496.47,50.00%,56.03
20:53:36,PULSE,95496.47,50.00%,56.03
20:53:42,PULSE,95496.47,50.00%,56.03
20:53:47,PULSE,95496.47,50.00%,56.03
20:53:52,PULSE,95496.47,50.00%,56.03
20:53:58,PULSE,95482.60,52.44%,52.97
20:54:03,PULSE,95482.60,52.44%,52.97
20:54:09,PULSE,95482.60,52.44%,52.97
20:54:14,PULSE,95482.60,52.44%,52.97
20:54:19,PULSE,95482.60,52.44%,52.97
20:54:24,PULSE,95482.60,52.44%,52.97
20:54:29,PULSE,95482.60,52.44%,52.97
20:54:34,PULSE,95482.60,52.44%,52.97
20:54:39,PULSE,95482.60,52.44%,52.97
20:54:44,PULSE,95482.60,52.44%,52.97
20:54:50,PULSE,95488.45,51.07%,54.11
20:54:55,PULSE,95488.45,51.07%,54.11
20:55:00,PULSE,95488.45,51.07%,54.11
20:55:05,PULSE,95488.45,51.07%,54.11
20:55:10,PULSE,95488.45,51.07%,54.11
20:55:15,PULSE,95488.45,51.07%,54.11
20:55:20,PULSE,95488.45,51.07%,54.11
20:55:25,PULSE,95488.45,51.07%,54.11
20:55:30,PULSE,95488.45,51.07%,54.11
20:55:36,PULSE,95488.45,51.07%,54.11
20:55:41,PULSE,95488.45,51.07%,54.11
20:55:46,PULSE,95488.45,51.07%,54.11
20:55:51,PULSE,95488.45,51.07%,54.11
20:55:56,PULSE,95486.81,51.55%,53.71
20:56:01,PULSE,95486.81,51.55%,53.71
20:56:07,PULSE,95486.81,51.55%,53.71
20:56:12,PULSE,95486.81,51.55%,53.71
20:56:17,PULSE,95486.81,51.55%,53.71
20:56:22,PULSE,95486.81,51.55%,53.71
20:56:27,PULSE,95486.81,51.55%,53.71
20:56:32,PULSE,95486.81,51.55%,53.71
20:56:38,PULSE,95486.81,51.55%,53.71
20:56:43,PULSE,95486.81,51.55%,53.71
20:56:48,PULSE,95486.81,51.55%,53.71
20:56:53,PULSE,95486.81,51.55%,53.71
20:56:58,BUY,95419.96,67.11%,40.74
20:56:58,PULSE,95419.96,67.11%,40.74
20:57:03,PULSE,95419.96,67.11%,40.74
20:57:08,PULSE,95419.96,67.11%,40.74
20:57:13,PULSE,95419.96,67.11%,40.74
20:57:18,PULSE,95419.96,67.11%,40.74
20:57:24,PULSE,95419.96,67.11%,40.74
20:57:29,PULSE,95419.96,67.11%,40.74
20:57:34,PULSE,95419.96,67.11%,40.74
20:57:39,PULSE,95419.96,67.11%,40.74
20:57:44,PULSE,95419.96,67.11%,40.74
20:57:49,PULSE,95429.61,64.54%,42.88
20:57:55,PULSE,95429.61,64.54%,42.88
20:58:00,PULSE,95429.61,64.54%,42.88
20:58:05,PULSE,95429.61,64.54%,42.88
20:58:10,PULSE,95429.61,64.54%,42.88
20:58:15,PULSE,95429.61,64.54%,42.88
20:58:20,PULSE,95429.61,64.54%,42.88
20:58:25,PULSE,95429.61,64.54%,42.88
20:58:30,PULSE,95429.61,64.54%,42.88
20:58:35,PULSE,95429.61,64.54%,42.88
20:58:41,PULSE,95429.61,64.54%,42.88
20:58:46,PULSE,95429.61,64.54%,42.88
20:58:51,PULSE,95429.61,64.54%,42.88
20:58:56,PULSE,95429.61,64.54%,42.88
20:59:01,PULSE,95429.61,64.54%,42.88
20:59:06,PULSE,95429.61,64.54%,42.88
20:59:11,PULSE,95429.61,64.54%,42.88
20:59:16,PULSE,95429.61,64.54%,42.88
20:59:22,PULSE,95429.61,64.54%,42.88
20:59:27,PULSE,95429.61,64.54%,42.88
20:59:32,PULSE,95429.61,64.54%,42.88
20:59:37,PULSE,95429.61,64.54%,42.88
20:59:42,PULSE,95429.61,64.54%,42.88
20:59:47,PULSE,95429.61,64.54%,42.88
20:59:52,PULSE,95429.61,64.54%,42.88
20:59:57,PULSE,95441.90,61.30%,45.58
21:00:02,PULSE,95441.90,61.30%,45.58
21:00:08,PULSE,95441.90,61.30%,45.58
21:00:13,PULSE,95441.90,61.30%,45.58
21:00:18,PULSE,95441.90,61.30%,45.58
21:00:23,PULSE,95441.90,61.30%,45.58
21:00:28,PULSE,95441.90,61.30%,45.58
21:00:33,PULSE,95441.90,61.30%,45.58
21:00:38,PULSE,95441.90,61.30%,45.58
21:00:43,PULSE,95441.90,61.30%,45.58
21:00:48,PULSE,95441.90,61.30%,45.58
21:00:53,PULSE,95441.90,61.30%,45.58
21:00:58,PULSE,95441.90,61.30%,45.58
21:01:04,PULSE,95441.90,61.30%,45.58
21:01:09,PULSE,95441.90,61.30%,45.58
21:01:14,PULSE,95441.90,61.30%,45.58
21:01:19,PULSE,95441.90,61.30%,45.58
21:01:24,PULSE,95441.90,61.30%,45.58
21:01:29,PULSE,95441.90,61.30%,45.58
21:01:34,PULSE,95441.90,61.30%,45.58
21:01:39,PULSE,95441.90,61.30%,45.58
21:01:44,PULSE,95441.90,61.30%,45.58
21:01:50,PULSE,95441.90,61.30%,45.58
21:01:55,PULSE,95441.90,61.30%,45.58
21:02:00,PULSE,95483.92,51.62%,53.65
21:02:05,PULSE,95483.92,51.62%,53.65
21:02:10,PULSE,95483.92,51.62%,53.65
21:02:15,PULSE,95483.92,51.62%,53.65
21:02:20,PULSE,95483.92,51.62%,53.65
21:02:25,PULSE,95483.92,51.62%,53.65
21:02:30,PULSE,95483.92,51.62%,53.65
21:02:36,PULSE,95483.92,51.62%,53.65
21:02:41,PULSE,95483.92,51.62%,53.65
21:02:46,PULSE,95483.92,51.62%,53.65
21:02:51,PULSE,95475.58,53.59%,52.00
21:02:56,PULSE,95475.58,53.59%,52.00
21:03:01,PULSE,95475.58,53.59%,52.00
21:03:06,PULSE,95475.58,53.59%,52.00
21:03:11,PULSE,95475.58,53.59%,52.00
21:03:17,PULSE,95475.58,53.59%,52.00
21:03:22,PULSE,95475.58,53.59%,52.00
21:03:27,PULSE,95475.58,53.59%,52.00
21:03:32,PULSE,95475.58,53.59%,52.00
21:03:37,PULSE,95475.58,53.59%,52.00
21:03:42,PULSE,95475.58,53.59%,52.00
21:03:47,PULSE,95475.58,53.59%,52.00
21:03:52,PULSE,95479.80,52.65%,52.80
21:03:57,PULSE,95479.80,52.65%,52.80
21:04:03,PULSE,95479.80,52.65%,52.80
21:04:08,PULSE,95479.80,52.65%,52.80
21:04:13,PULSE,95479.80,52.65%,52.80
21:04:18,PULSE,95479.80,52.65%,52.80
21:04:23,PULSE,95479.80,52.65%,52.80
21:04:28,PULSE,95479.80,52.65%,52.80
21:04:33,PULSE,95479.80,52.65%,52.80
21:04:38,PULSE,95479.80,52.65%,52.80
21:04:43,PULSE,95479.80,52.65%,52.80
21:04:49,PULSE,95479.80,52.65%,52.80
21:04:54,PULSE,95479.80,52.65%,52.80
21:04:59,PULSE,95479.80,52.65%,52.80
21:05:04,PULSE,95479.80,52.65%,52.80
21:05:09,PULSE,95479.80,52.65%,52.80
21:05:14,PULSE,95479.80,52.65%,52.80
21:05:19,PULSE,95479.80,52.65%,52.80
21:05:24,PULSE,95479.80,52.65%,52.80
21:05:30,PULSE,95479.80,52.65%,52.80
21:05:35,PULSE,95479.80,52.65%,52.80
21:05:40,PULSE,95479.80,52.65%,52.80
21:05:45,PULSE,95479.80,52.65%,52.80
21:05:50,PULSE,95479.80,52.65%,52.80
21:05:55,PULSE,95479.80,52.65%,52.80
21:06:00,PULSE,95487.34,50.91%,54.24
21:06:06,PULSE,95487.34,50.91%,54.24
21:06:11,PULSE,95487.34,50.91%,54.24
21:06:16,PULSE,95487.34,50.91%,54.24
21:06:21,PULSE,95487.34,50.91%,54.24
21:06:26,PULSE,95487.34,50.91%,54.24
21:06:32,PULSE,95487.34,50.91%,54.24
21:06:37,PULSE,95487.34,50.91%,54.24
21:06:42,PULSE,95487.34,50.91%,54.24
21:06:47,PULSE,95487.34,50.91%,54.24
21:06:52,PULSE,95487.34,50.91%,54.24
21:06:57,PULSE,95491.74,50.00%,55.11
21:07:02,PULSE,95491.74,50.00%,55.11
21:07:07,PULSE,95491.74,50.00%,55.11
21:07:12,PULSE,95491.74,50.00%,55.11
21:07:17,PULSE,95491.74,50.00%,55.11
21:07:22,PULSE,95491.74,50.00%,55.11
21:07:28,PULSE,95491.74,50.00%,55.11
21:07:33,PULSE,95491.74,50.00%,55.11
21:07:38,PULSE,95491.74,50.00%,55.11
21:07:43,PULSE,95491.74,50.00%,55.11
21:07:48,PULSE,95491.74,50.00%,55.11
21:07:53,PULSE,95491.74,50.00%,55.11
21:07:58,PULSE,95500.87,50.00%,56.93
21:08:04,PULSE,95500.87,50.00%,56.93
21:08:09,PULSE,95500.87,50.00%,56.93
21:08:14,PULSE,95500.87,50.00%,56.93
21:08:19,PULSE,95500.87,50.00%,56.93
21:08:24,PULSE,95500.87,50.00%,56.93
21:08:29,PULSE,95500.87,50.00%,56.93
21:08:34,PULSE,95500.87,50.00%,56.93
21:08:39,PULSE,95500.87,50.00%,56.93
21:08:44,PULSE,95500.87,50.00%,56.93
21:08:49,PULSE,95500.87,50.00%,56.93
21:08:55,PULSE,95500.87,50.00%,56.93
21:09:00,PULSE,95500.87,50.00%,56.93
21:09:05,PULSE,95500.87,50.00%,56.93
21:09:10,PULSE,95500.87,50.00%,56.93
21:09:15,PULSE,95500.87,50.00%,56.93
21:09:20,PULSE,95500.87,50.00%,56.93
21:09:25,PULSE,95500.87,50.00%,56.93
21:09:30,PULSE,95500.87,50.00%,56.93
21:09:35,PULSE,95500.87,50.00%,56.93
21:09:40,PULSE,95500.87,50.00%,56.93
21:09:46,PULSE,95500.87,50.00%,56.93
21:09:51,PULSE,95500.87,50.00%,56.93
21:09:56,PULSE,95502.84,50.00%,57.34
21:10:01,PULSE,95502.84,50.00%,57.34
21:10:06,PULSE,95502.84,50.00%,57.34
21:10:11,PULSE,95502.84,50.00%,57.34
21:10:16,PULSE,95502.84,50.00%,57.34
21:10:21,PULSE,95502.84,50.00%,57.34
21:10:26,PULSE,95502.84,50.00%,57.34
21:10:32,PULSE,95502.84,50.00%,57.34
21:10:37,PULSE,95502.84,50.00%,57.34
21:10:42,PULSE,95502.84,50.00%,57.34
21:10:47,PULSE,95502.84,50.00%,57.34
21:10:52,PULSE,95502.84,50.00%,57.34
21:10:57,PULSE,95489.37,51.63%,53.64
21:11:02,PULSE,95489.37,51.63%,53.64
21:11:07,PULSE,95489.37,51.63%,53.64
21:11:12,PULSE,95489.37,51.63%,53.64
21:11:18,PULSE,95489.37,51.63%,53.64
21:11:23,PULSE,95489.37,51.63%,53.64
21:11:28,PULSE,95489.37,51.63%,53.64
21:11:33,PULSE,95489.37,51.63%,53.64
21:11:38,PULSE,95489.37,51.63%,53.64
21:11:43,PULSE,95489.37,51.63%,53.64
21:11:48,PULSE,95489.37,51.63%,53.64
21:11:55,PULSE,95513.65,50.00%,58.79
21:12:00,PULSE,95513.65,50.00%,58.79
21:12:06,PULSE,95513.65,50.00%,58.79
21:12:11,PULSE,95513.65,50.00%,58.79
21:12:16,PULSE,95513.65,50.00%,58.79
21:12:21,PULSE,95513.65,50.00%,58.79
21:12:26,PULSE,95513.65,50.00%,58.79
21:12:31,PULSE,95513.65,50.00%,58.79
21:12:36,PULSE,95513.65,50.00%,58.79
21:12:41,PULSE,95513.65,50.00%,58.79
21:12:46,PULSE,95513.65,50.00%,58.79
21:12:52,PULSE,95513.65,50.00%,58.79
21:12:57,PULSE,95513.65,50.00%,58.79
21:13:02,PULSE,95541.77,50.00%,63.81
21:13:07,PULSE,95541.77,50.00%,63.81
21:13:12,PULSE,95541.77,50.00%,63.81
21:13:17,PULSE,95541.77,50.00%,63.81
21:13:22,PULSE,95541.77,50.00%,63.81
21:13:28,PULSE,95541.77,50.00%,63.81
21:13:33,PULSE,95541.77,50.00%,63.81
21:13:38,PULSE,95541.77,50.00%,63.81
21:13:43,PULSE,95541.77,50.00%,63.81
21:13:48,PULSE,95541.77,50.00%,63.81
21:13:53,PULSE,95541.77,50.00%,63.81
21:13:58,PULSE,95539.84,50.00%,63.24
21:14:03,PULSE,95539.84,50.00%,63.24
21:14:08,PULSE,95539.84,50.00%,63.24
21:14:13,PULSE,95539.84,50.00%,63.24
21:14:19,PULSE,95539.84,50.00%,63.24
21:14:24,PULSE,95539.84,50.00%,63.24
21:14:29,PULSE,95539.84,50.00%,63.24
21:14:34,PULSE,95539.84,50.00%,63.24
21:14:39,PULSE,95539.84,50.00%,63.24
21:14:44,PULSE,95539.84,50.00%,63.24
21:14:49,PULSE,95539.84,50.00%,63.24
21:14:55,PULSE,95539.84,50.00%,63.24
21:15:00,PULSE,95501.85,52.17%,53.19
21:15:05,PULSE,95501.85,52.17%,53.19
21:15:10,PULSE,95501.85,52.17%,53.19
21:15:15,PULSE,95501.85,52.17%,53.19
21:15:20,PULSE,95501.85,52.17%,53.19
21:15:25,PULSE,95501.85,52.17%,53.19
21:15:30,PULSE,95501.85,52.17%,53.19
21:15:35,PULSE,95501.85,52.17%,53.19
21:15:41,PULSE,95501.85,52.17%,53.19
21:15:46,PULSE,95501.85,52.17%,53.19
21:15:51,PULSE,95544.62,50.00%,60.75
21:15:56,PULSE,95544.62,50.00%,60.75
21:16:01,PULSE,95544.62,50.00%,60.75
21:16:06,PULSE,95544.62,50.00%,60.75
21:16:12,PULSE,95544.62,50.00%,60.75
21:16:17,PULSE,95544.62,50.00%,60.75
21:16:22,PULSE,95544.62,50.00%,60.75
21:16:27,PULSE,95544.62,50.00%,60.75
21:16:32,PULSE,95544.62,50.00%,60.75
21:16:37,PULSE,95544.62,50.00%,60.75
21:16:42,PULSE,95544.62,50.00%,60.75
21:16:47,PULSE,95544.62,50.00%,60.75
21:16:52,PULSE,95531.84,50.00%,57.75
21:16:58,PULSE,95531.84,50.00%,57.75
21:17:03,PULSE,95531.84,50.00%,57.75
21:17:08,PULSE,95531.84,50.00%,57.75
21:17:13,PULSE,95531.84,50.00%,57.75
21:17:18,PULSE,95531.84,50.00%,57.75
21:17:23,PULSE,95531.84,50.00%,57.75
21:17:28,PULSE,95531.84,50.00%,57.75
21:17:33,PULSE,95531.84,50.00%,57.75
21:17:38,PULSE,95531.84,50.00%,57.75
21:17:44,PULSE,95531.84,50.00%,57.75
21:17:49,PULSE,95531.84,50.00%,57.75
21:17:54,PULSE,95531.84,50.00%,57.75
21:17:59,PULSE,95534.56,50.00%,58.22
21:18:04,PULSE,95534.56,50.00%,58.22
21:18:09,PULSE,95534.56,50.00%,58.22
21:18:14,PULSE,95534.56,50.00%,58.22
21:18:19,PULSE,95534.56,50.00%,58.22
21:18:24,PULSE,95534.56,50.00%,58.22
21:18:29,PULSE,95534.56,50.00%,58.22
21:18:35,PULSE,95534.56,50.00%,58.22
21:18:40,PULSE,95534.56,50.00%,58.22
21:18:45,PULSE,95534.56,50.00%,58.22
21:18:50,PULSE,95544.45,50.00%,59.98
21:18:55,PULSE,95544.45,50.00%,59.98
21:19:00,PULSE,95544.45,50.00%,59.98
21:19:05,PULSE,95544.45,50.00%,59.98
21:19:10,PULSE,95544.45,50.00%,59.98
21:19:15,PULSE,95544.45,50.00%,59.98
21:19:20,PULSE,95544.45,50.00%,59.98
21:19:25,PULSE,95544.45,50.00%,59.98
21:19:31,PULSE,95544.45,50.00%,59.98
21:19:36,PULSE,95544.45,50.00%,59.98
21:19:41,PULSE,95544.45,50.00%,59.98
21:19:46,PULSE,95544.45,50.00%,59.98
21:19:51,PULSE,95505.50,54.91%,50.91
21:19:59,PULSE,95505.50,54.91%,50.91
21:20:04,PULSE,95505.50,54.91%,50.91
21:20:09,PULSE,95505.50,54.91%,50.91
21:20:14,PULSE,95505.50,54.91%,50.91
21:20:19,PULSE,95505.50,54.91%,50.91
21:20:24,PULSE,95505.50,54.91%,50.91
21:20:30,PULSE,95505.50,54.91%,50.91
21:20:35,PULSE,95505.50,54.91%,50.91
21:20:40,PULSE,95505.50,54.91%,50.91
21:20:45,PULSE,95505.50,54.91%,50.91
21:20:50,PULSE,95505.50,54.91%,50.91
21:20:55,PULSE,95475.02,61.82%,45.15
21:21:00,PULSE,95475.02,61.82%,45.15
21:21:05,PULSE,95475.02,61.82%,45.15
21:21:10,PULSE,95475.02,61.82%,45.15
21:21:16,PULSE,95475.02,61.82%,45.15
21:21:21,PULSE,95475.02,61.82%,45.15
21:21:26,PULSE,95475.02,61.82%,45.15
21:21:31,PULSE,95475.02,61.82%,45.15
21:21:36,PULSE,95475.02,61.82%,45.15
21:21:41,PULSE,95475.02,61.82%,45.15
21:21:46,PULSE,95475.02,61.82%,45.15
21:21:51,PULSE,95457.26,65.41%,42.16
21:21:56,PULSE,95457.26,65.41%,42.16
21:22:01,PULSE,95457.26,65.41%,42.16
21:22:07,PULSE,95457.26,65.41%,42.16
21:22:12,PULSE,95457.26,65.41%,42.16
21:22:17,PULSE,95457.26,65.41%,42.16
21:22:22,PULSE,95457.26,65.41%,42.16
21:22:27,PULSE,95457.26,65.41%,42.16
21:22:32,PULSE,95457.26,65.41%,42.16
21:22:37,PULSE,95457.26,65.41%,42.16
21:22:42,PULSE,95457.26,65.41%,42.16
21:22:47,PULSE,95457.26,65.41%,42.16
21:22:53,PULSE,95458.62,65.03%,42.48
21:22:58,PULSE,95458.62,65.03%,42.48
21:23:03,PULSE,95458.62,65.03%,42.48
21:23:08,PULSE,95458.62,65.03%,42.48
21:23:13,PULSE,95458.62,65.03%,42.48
21:23:18,PULSE,95458.62,65.03%,42.48
21:23:23,PULSE,95458.62,65.03%,42.48
21:23:28,PULSE,95458.62,65.03%,42.48
21:23:33,PULSE,95458.62,65.03%,42.48
21:23:39,PULSE,95458.62,65.03%,42.48
21:23:44,PULSE,95458.62,65.03%,42.48
21:23:49,PULSE,95409.58,73.91%,35.07
21:23:54,PULSE,95409.58,73.91%,35.07
21:23:59,PULSE,95409.58,73.91%,35.07
21:24:04,PULSE,95409.58,73.91%,35.07
21:24:09,PULSE,95409.58,73.91%,35.07
21:24:14,PULSE,95409.58,73.91%,35.07
21:24:19,PULSE,95409.58,73.91%,35.07
21:24:25,PULSE,95409.58,73.91%,35.07
21:24:30,PULSE,95409.58,73.91%,35.07
21:24:35,PULSE,95409.58,73.91%,35.07
21:24:40,PULSE,95409.58,73.91%,35.07
21:24:45,PULSE,95409.58,73.91%,35.07
21:24:50,PULSE,95396.15,75.97%,33.36
21:24:55,PULSE,95396.15,75.97%,33.36
21:25:00,PULSE,95396.15,75.97%,33.36
21:25:06,PULSE,95396.15,75.97%,33.36
21:25:11,PULSE,95396.15,75.97%,33.36
21:25:16,PULSE,95396.15,75.97%,33.36
21:25:21,PULSE,95396.15,75.97%,33.36
21:25:26,PULSE,95396.15,75.97%,33.36
21:25:31,PULSE,95396.15,75.97%,33.36
21:25:36,PULSE,95396.15,75.97%,33.36
21:25:41,PULSE,95396.15,75.97%,33.36
21:25:47,PULSE,95396.15,75.97%,33.36
21:25:52,PULSE,95396.15,75.97%,33.36
21:25:57,PULSE,95396.15,75.97%,33.36
21:26:02,PULSE,95409.66,71.95%,36.71
21:26:07,PULSE,95409.66,71.95%,36.71
21:26:12,PULSE,95409.66,71.95%,36.71
21:26:17,PULSE,95409.66,71.95%,36.71
21:26:23,PULSE,95409.66,71.95%,36.71
21:26:28,PULSE,95409.66,71.95%,36.71
21:26:33,PULSE,95409.66,71.95%,36.71
21:26:38,PULSE,95409.66,71.95%,36.71
21:26:43,PULSE,95409.66,71.95%,36.71
21:26:48,PULSE,95409.66,71.95%,36.71
21:26:53,PULSE,95409.66,71.95%,36.71
21:26:58,PULSE,95409.66,71.95%,36.71
21:27:03,PULSE,95465.74,58.01%,48.33
21:27:09,PULSE,95465.74,58.01%,48.33
21:27:14,PULSE,95465.74,58.01%,48.33
21:27:19,PULSE,95465.74,58.01%,48.33
21:27:24,PULSE,95465.74,58.01%,48.33
21:27:29,PULSE,95465.74,58.01%,48.33
21:27:34,PULSE,95465.74,58.01%,48.33
21:27:39,PULSE,95465.74,58.01%,48.33
21:27:44,PULSE,95465.74,58.01%,48.33
21:27:50,PULSE,95465.74,58.01%,48.33
21:27:55,PULSE,95465.74,58.01%,48.33
21:28:02,PULSE,95465.74,58.01%,48.33
21:28:07,PULSE,95465.74,58.01%,48.33
21:28:12,PULSE,95465.74,58.01%,48.33
21:28:17,PULSE,95465.74,58.01%,48.33
21:28:22,PULSE,95465.74,58.01%,48.33
21:28:27,PULSE,95465.74,58.01%,48.33
21:28:32,PULSE,95465.74,58.01%,48.33
21:28:37,PULSE,95465.74,58.01%,48.33
21:28:43,PULSE,95465.74,58.01%,48.33
21:28:48,PULSE,95465.74,58.01%,48.33
21:28:53,PULSE,95465.74,58.01%,48.33
21:28:58,PULSE,95505.08,50.46%,54.62
21:29:03,PULSE,95505.08,50.46%,54.62
21:29:08,PULSE,95505.08,50.46%,54.62
21:29:13,PULSE,95505.08,50.46%,54.62
21:29:18,PULSE,95505.08,50.46%,54.62
21:29:24,PULSE,95505.08,50.46%,54.62
21:29:29,PULSE,95505.08,50.46%,54.62
21:29:34,PULSE,95505.08,50.46%,54.62
21:29:39,PULSE,95505.08,50.46%,54.62
21:29:44,PULSE,95505.08,50.46%,54.62
21:29:49,PULSE,95505.08,50.46%,54.62
21:29:54,PULSE,95505.08,50.46%,54.62
21:29:59,PULSE,95505.08,50.46%,54.62
21:30:05,PULSE,95505.08,50.46%,54.62
21:30:10,PULSE,95505.08,50.46%,54.62
21:30:15,PULSE,95505.08,50.46%,54.62
21:30:20,PULSE,95505.08,50.46%,54.62
21:30:25,PULSE,95505.08,50.46%,54.62
21:30:30,PULSE,95505.08,50.46%,54.62
21:30:35,PULSE,95505.08,50.46%,54.62
21:30:40,PULSE,95505.08,50.46%,54.62
21:30:45,PULSE,95505.08,50.46%,54.62
21:30:50,PULSE,95538.70,50.00%,59.19
21:30:55,PULSE,95538.70,50.00%,59.19
21:31:02,PULSE,95538.70,50.00%,59.19
21:31:07,PULSE,95538.70,50.00%,59.19
21:31:12,PULSE,95538.70,50.00%,59.19
21:31:17,PULSE,95538.70,50.00%,59.19
21:31:22,PULSE,95538.70,50.00%,59.19
21:31:27,PULSE,95538.70,50.00%,59.19
21:31:32,PULSE,95538.70,50.00%,59.19
21:31:37,PULSE,95538.70,50.00%,59.19
21:31:42,PULSE,95538.70,50.00%,59.19
21:31:47,PULSE,95538.70,50.00%,59.19
21:31:52,PULSE,95538.70,50.00%,59.19
21:31:58,PULSE,95538.70,50.00%,59.19
21:32:03,PULSE,95538.70,50.00%,59.19
21:32:08,PULSE,95538.70,50.00%,59.19
21:32:13,PULSE,95538.70,50.00%,59.19
21:32:18,PULSE,95538.70,50.00%,59.19
21:32:24,PULSE,95538.70,50.00%,59.19
21:32:29,PULSE,95538.70,50.00%,59.19
21:32:34,PULSE,95538.70,50.00%,59.19
21:32:39,PULSE,95538.70,50.00%,59.19
21:32:44,PULSE,95538.70,50.00%,59.19
21:32:49,PULSE,95538.70,50.00%,59.19
21:32:54,PULSE,95538.70,50.00%,59.19
21:32:59,PULSE,95525.63,50.00%,56.80
21:33:04,PULSE,95525.63,50.00%,56.80
21:33:10,PULSE,95525.63,50.00%,56.80
21:33:15,PULSE,95525.63,50.00%,56.80
21:33:20,PULSE,95525.63,50.00%,56.80
21:33:25,PULSE,95525.63,50.00%,56.80
21:33:30,PULSE,95525.63,50.00%,56.80
21:33:35,PULSE,95525.63,50.00%,56.80
21:33:40,PULSE,95525.63,50.00%,56.80
21:33:45,PULSE,95525.63,50.00%,56.80
21:33:50,PULSE,95525.63,50.00%,56.80
21:33:56,PULSE,95525.63,50.00%,56.80
21:34:01,PULSE,95525.63,50.00%,56.80
21:34:06,PULSE,95509.64,51.30%,53.92
21:34:11,PULSE,95509.64,51.30%,53.92
21:34:16,PULSE,95509.64,51.30%,53.92
21:34:21,PULSE,95509.64,51.30%,53.92
21:34:26,PULSE,95509.64,51.30%,53.92
21:34:31,PULSE,95509.64,51.30%,53.92
21:34:36,PULSE,95509.64,51.30%,53.92
21:34:41,PULSE,95509.64,51.30%,53.92
21:34:46,PULSE,95509.64,51.30%,53.92
21:34:52,PULSE,95509.64,51.30%,53.92
21:34:57,PULSE,95509.64,51.30%,53.92
21:35:02,PULSE,95509.64,51.30%,53.92
21:35:07,PULSE,95509.64,51.30%,53.92
21:35:12,PULSE,95509.64,51.30%,53.92
21:35:17,PULSE,95509.64,51.30%,53.92
21:35:22,PULSE,95509.64,51.30%,53.92
21:35:27,PULSE,95509.64,51.30%,53.92
21:35:32,PULSE,95509.64,51.30%,53.92
21:35:37,PULSE,95509.64,51.30%,53.92
21:35:43,PULSE,95509.64,51.30%,53.92
21:35:48,PULSE,95509.64,51.30%,53.92
21:35:53,PULSE,95458.70,60.87%,45.94
21:35:58,PULSE,95458.70,60.87%,45.94
21:36:03,PULSE,95458.70,60.87%,45.94
21:36:08,PULSE,95458.70,60.87%,45.94
21:36:13,PULSE,95458.70,60.87%,45.94
21:36:18,PULSE,95458.70,60.87%,45.94
21:36:23,PULSE,95458.70,60.87%,45.94
21:36:29,PULSE,95458.70,60.87%,45.94
21:36:34,PULSE,95458.70,60.87%,45.94
21:36:39,PULSE,95458.70,60.87%,45.94
21:36:44,PULSE,95458.70,60.87%,45.94
21:36:49,PULSE,95458.70,60.87%,45.94
21:36:54,PULSE,95479.98,56.82%,49.31
21:36:59,PULSE,95479.98,56.82%,49.31
21:37:04,PULSE,95479.98,56.82%,49.31
21:37:10,PULSE,95479.98,56.82%,49.31
21:37:15,PULSE,95479.98,56.82%,49.31
21:37:20,PULSE,95479.98,56.82%,49.31
21:37:25,PULSE,95479.98,56.82%,49.31
21:37:30,PULSE,95479.98,56.82%,49.31
21:37:35,PULSE,95479.98,56.82%,49.31
21:37:40,PULSE,95479.98,56.82%,49.31
21:37:45,PULSE,95479.98,56.82%,49.31
21:37:50,PULSE,95479.98,56.82%,49.31
21:37:55,PULSE,95486.95,55.51%,50.41
21:38:00,PULSE,95486.95,55.51%,50.41
21:38:06,PULSE,95486.95,55.51%,50.41
21:38:11,PULSE,95486.95,55.51%,50.41
21:38:16,PULSE,95486.95,55.51%,50.41
21:38:21,PULSE,95486.95,55.51%,50.41
21:38:27,PULSE,95486.95,55.51%,50.41
21:38:32,PULSE,95486.95,55.51%,50.41
21:38:37,PULSE,95486.95,55.51%,50.41
21:38:42,PULSE,95486.95,55.51%,50.41
21:38:47,PULSE,95486.95,55.51%,50.41
21:38:52,PULSE,95508.52,51.53%,53.73
21:38:57,PULSE,95508.52,51.53%,53.73
21:39:02,PULSE,95508.52,51.53%,53.73
21:39:07,PULSE,95508.52,51.53%,53.73
21:39:13,PULSE,95508.52,51.53%,53.73
21:39:18,PULSE,95508.52,51.53%,53.73
21:39:23,PULSE,95508.52,51.53%,53.73
21:39:28,PULSE,95508.52,51.53%,53.73
21:39:33,PULSE,95508.52,51.53%,53.73
21:39:38,PULSE,95508.52,51.53%,53.73
21:39:43,PULSE,95508.52,51.53%,53.73
21:39:48,PULSE,95508.52,51.53%,53.73
21:39:53,PULSE,95508.52,51.53%,53.73
21:39:58,PULSE,95508.52,51.53%,53.73
21:40:03,PULSE,95508.52,51.53%,53.73
21:40:09,PULSE,95508.52,51.53%,53.73
21:40:14,PULSE,95508.52,51.53%,53.73
21:40:19,PULSE,95508.52,51.53%,53.73
21:40:24,PULSE,95508.52,51.53%,53.73
21:40:29,PULSE,95508.52,51.53%,53.73
21:40:34,PULSE,95508.52,51.53%,53.73
21:40:39,PULSE,95508.52,51.53%,53.73
21:40:44,PULSE,95508.52,51.53%,53.73
21:40:49,PULSE,95508.52,51.53%,53.73
21:40:54,PULSE,95504.92,52.29%,53.09
21:41:00,PULSE,95504.92,52.29%,53.09
21:41:05,PULSE,95504.92,52.29%,53.09
21:41:10,PULSE,95504.92,52.29%,53.09
21:41:15,PULSE,95504.92,52.29%,53.09
21:41:20,PULSE,95504.92,52.29%,53.09
21:41:25,PULSE,95504.92,52.29%,53.09
21:41:30,PULSE,95504.92,52.29%,53.09
21:41:35,PULSE,95504.92,52.29%,53.09
21:41:40,PULSE,95504.92,52.29%,53.09
21:41:45,PULSE,95504.92,52.29%,53.09
21:41:51,PULSE,95504.92,52.29%,53.09
21:41:56,PULSE,95504.92,52.29%,53.09
21:42:01,PULSE,95459.73,61.12%,45.73
21:42:07,PULSE,95459.73,61.12%,45.73
21:42:12,PULSE,95459.73,61.12%,45.73
21:42:17,PULSE,95459.73,61.12%,45.73
21:42:22,PULSE,95459.73,61.12%,45.73
21:42:27,PULSE,95459.73,61.12%,45.73
21:42:32,PULSE,95459.73,61.12%,45.73
21:42:37,PULSE,95459.73,61.12%,45.73
21:42:43,PULSE,95459.73,61.12%,45.73
21:42:48,PULSE,95459.73,61.12%,45.73
21:42:53,PULSE,95459.73,61.12%,45.73
21:42:58,PULSE,95459.73,61.12%,45.73
21:43:03,PULSE,95459.73,61.12%,45.73
21:43:08,PULSE,95459.73,61.12%,45.73
21:43:13,PULSE,95459.73,61.12%,45.73
21:43:18,PULSE,95459.73,61.12%,45.73
21:43:23,PULSE,95459.73,61.12%,45.73
21:43:28,PULSE,95459.73,61.12%,45.73
21:43:34,PULSE,95459.73,61.12%,45.73
21:43:39,PULSE,95459.73,61.12%,45.73
21:43:44,PULSE,95459.73,61.12%,45.73
21:43:49,PULSE,95459.73,61.12%,45.73
21:43:54,PULSE,95455.57,61.86%,45.11
21:43:59,PULSE,95455.57,61.86%,45.11
21:44:04,PULSE,95455.57,61.86%,45.11
21:44:10,PULSE,95455.57,61.86%,45.11
21:44:15,PULSE,95455.57,61.86%,45.11
21:44:20,PULSE,95455.57,61.86%,45.11
21:44:25,PULSE,95455.57,61.86%,45.11
21:44:31,PULSE,95455.57,61.86%,45.11
21:44:36,PULSE,95455.57,61.86%,45.11
21:44:41,PULSE,95455.57,61.86%,45.11
21:44:46,PULSE,95455.57,61.86%,45.11
21:44:51,PULSE,95455.57,61.86%,45.11
21:44:56,PULSE,95446.64,63.51%,43.74
21:45:01,PULSE,95446.64,63.51%,43.74
21:45:06,PULSE,95446.64,63.51%,43.74
21:45:11,PULSE,95446.64,63.51%,43.74
21:45:16,PULSE,95446.64,63.51%,43.74
21:45:22,PULSE,95446.64,63.51%,43.74
21:45:27,PULSE,95446.64,63.51%,43.74
21:45:32,PULSE,95446.64,63.51%,43.74
21:45:37,PULSE,95446.64,63.51%,43.74
21:45:42,PULSE,95446.64,63.51%,43.74
21:45:47,PULSE,95446.64,63.51%,43.74
21:45:52,PULSE,95446.64,63.51%,43.74
21:45:57,PULSE,95446.97,63.43%,43.81
21:46:03,PULSE,95446.97,63.43%,43.81
21:46:08,PULSE,95446.97,63.43%,43.81
21:46:13,PULSE,95446.97,63.43%,43.81
21:46:18,PULSE,95446.97,63.43%,43.81
21:46:23,PULSE,95446.97,63.43%,43.81
21:46:28,PULSE,95446.97,63.43%,43.81
21:46:33,PULSE,95446.97,63.43%,43.81
21:46:38,PULSE,95446.97,63.43%,43.81
21:46:43,PULSE,95446.97,63.43%,43.81
21:46:49,PULSE,95459.07,60.36%,46.37
21:46:54,PULSE,95459.07,60.36%,46.37
21:46:59,PULSE,95459.07,60.36%,46.37
21:47:04,PULSE,95459.07,60.36%,46.37
21:47:09,PULSE,95459.07,60.36%,46.37
21:47:14,PULSE,95459.07,60.36%,46.37
21:47:19,PULSE,95459.07,60.36%,46.37
21:47:24,PULSE,95459.07,60.36%,46.37
21:47:30,PULSE,95459.07,60.36%,46.37
21:47:35,PULSE,95459.07,60.36%,46.37
21:47:40,PULSE,95459.07,60.36%,46.37
21:47:45,PULSE,95459.07,60.36%,46.37
21:47:50,PULSE,95459.07,60.36%,46.37
21:47:55,PULSE,95459.07,60.36%,46.37
21:48:01,PULSE,95459.07,60.36%,46.37
21:48:06,PULSE,95459.07,60.36%,46.37
21:48:12,PULSE,95459.07,60.36%,46.37
21:48:17,PULSE,95459.07,60.36%,46.37
21:48:22,PULSE,95459.07,60.36%,46.37
21:48:27,PULSE,95459.07,60.36%,46.37
21:48:32,PULSE,95459.07,60.36%,46.37
21:48:38,PULSE,95459.07,60.36%,46.37
21:48:43,PULSE,95459.07,60.36%,46.37
21:48:48,PULSE,95459.07,60.36%,46.37
21:48:53,PULSE,95459.07,60.36%,46.37
21:48:58,PULSE,95459.07,60.36%,46.37
21:49:03,PULSE,95459.52,60.24%,46.47
21:49:08,PULSE,95459.52,60.24%,46.47
21:49:13,PULSE,95459.52,60.24%,46.47
21:49:18,PULSE,95459.52,60.24%,46.47
21:49:23,PULSE,95459.52,60.24%,46.47
21:49:29,PULSE,95459.52,60.24%,46.47
21:49:34,PULSE,95459.52,60.24%,46.47
21:49:39,PULSE,95459.52,60.24%,46.47
21:49:44,PULSE,95459.52,60.24%,46.47
21:49:49,PULSE,95459.52,60.24%,46.47
21:49:54,PULSE,95431.78,66.25%,41.46
21:49:59,PULSE,95431.78,66.25%,41.46
21:50:04,PULSE,95431.78,66.25%,41.46
21:50:09,PULSE,95431.78,66.25%,41.46
21:50:14,PULSE,95431.78,66.25%,41.46
